Date;Last
05/01/2000;173
06/01/2000;186.26
10/01/2000;200.81
11/01/2000;199.57
12/01/2000;196.88
13/01/2000;210.05
14/01/2000;217.28
17/01/2000;219.73
18/01/2000;212.88
19/01/2000;200.66
20/01/2000;206.61
21/01/2000;215.77
24/01/2000;210.82
25/01/2000;198.65
26/01/2000;198.8
27/01/2000;203.82
28/01/2000;201.81
31/01/2000;188.81
01/02/2000;191.59
02/02/2000;186.67
03/02/2000;189.67
04/02/2000;196.08
07/02/2000;200.28
08/02/2000;204.87
09/02/2000;216.53
10/02/2000;210.25
11/02/2000;210.91
14/02/2000;214.12
15/02/2000;203.2
16/02/2000;202.7
17/02/2000;201.51
18/02/2000;200.6
21/02/2000;195.3
22/02/2000;199.57
23/02/2000;202.68
24/02/2000;207.16
25/02/2000;198.56
28/02/2000;191.12
29/02/2000;191.49
01/03/2000;198.99
02/03/2000;201.49
03/03/2000;205.49
06/03/2000;210.98
07/03/2000;211.95
09/03/2000;232.16
10/03/2000;241.53
13/03/2000;239.8
14/03/2000;245.92
15/03/2000;246.46
16/03/2000;247.66
17/03/2000;249.94
20/03/2000;243.86
21/03/2000;240.17
22/03/2000;245.8
23/03/2000;260.16
24/03/2000;268.86
27/03/2000;277.82
28/03/2000;261.86
29/03/2000;256.89
30/03/2000;252.08
31/03/2000;254.68
03/04/2000;257.3
04/04/2000;258.02
05/04/2000;245.7
06/04/2000;249.43
07/04/2000;247.96
10/04/2000;253.28
11/04/2000;249.68
12/04/2000;248.1
13/04/2000;243.73
14/04/2000;245.87
17/04/2000;226.04
18/04/2000;227.98
19/04/2000;226.21
20/04/2000;226.64
21/04/2000;230.45
24/04/2000;225.28
25/04/2000;227.77
26/04/2000;237.01
27/04/2000;238.62
28/04/2000;242.85
03/05/2000;244.88
04/05/2000;250.26
05/05/2000;249.96
06/05/2000;254.45
10/05/2000;251.34
11/05/2000;244.7
12/05/2000;241.3
15/05/2000;236.26
16/05/2000;239.9
17/05/2000;235.77
18/05/2000;228.2
19/05/2000;218.3
22/05/2000;210.69
23/05/2000;201.9
24/05/2000;190.54
25/05/2000;204.83
26/05/2000;209.3
29/05/2000;213.67
30/05/2000;213.45
31/05/2000;217.05
01/06/2000;221.1
02/06/2000;224.94
05/06/2000;233.28
06/06/2000;227.57
07/06/2000;218.56
08/06/2000;228.73
09/06/2000;228.35
13/06/2000;226.09
14/06/2000;218.98
15/06/2000;221.31
16/06/2000;223.08
19/06/2000;218.95
20/06/2000;215.06
21/06/2000;204.15
22/06/2000;206.09
23/06/2000;207.97
26/06/2000;206.52
27/06/2000;200.65
28/06/2000;195.81
29/06/2000;189.57
30/06/2000;194.93
03/07/2000;199.13
04/07/2000;193.69
05/07/2000;188.68
06/07/2000;188.37
07/07/2000;199.23
10/07/2000;199.45
11/07/2000;189.24
12/07/2000;193.36
13/07/2000;198.36
14/07/2000;194.18
17/07/2000;197.96
18/07/2000;194.99
19/07/2000;194.99
20/07/2000;194.77
21/07/2000;197.04
24/07/2000;195.15
25/07/2000;194.36
26/07/2000;192.65
27/07/2000;191.84
28/07/2000;197.62
31/07/2000;200.22
01/08/2000;209.47
02/08/2000;210.74
03/08/2000;215.09
04/08/2000;218.04
07/08/2000;221.28
08/08/2000;218.81
09/08/2000;224.54
10/08/2000;225.54
11/08/2000;229.14
14/08/2000;234.17
15/08/2000;235
16/08/2000;234.2
17/08/2000;230.36
18/08/2000;229.86
21/08/2000;225.48
22/08/2000;229.88
23/08/2000;231.26
24/08/2000;235.29
25/08/2000;242.84
28/08/2000;239.93
29/08/2000;245.37
30/08/2000;243.05
31/08/2000;239.03
01/09/2000;237.54
04/09/2000;236.19
05/09/2000;241.56
06/09/2000;241.43
07/09/2000;238.66
08/09/2000;231.59
11/09/2000;224.31
12/09/2000;225.59
13/09/2000;221.29
14/09/2000;214.78
15/09/2000;215.47
18/09/2000;203.04
19/09/2000;200.25
20/09/2000;202.17
21/09/2000;199.23
22/09/2000;189.84
25/09/2000;198.65
26/09/2000;200.66
27/09/2000;204
28/09/2000;203.05
29/09/2000;204.61
02/10/2000;207.61
03/10/2000;214.46
04/10/2000;211.19
05/10/2000;206.02
06/10/2000;201.5
09/10/2000;198.33
10/10/2000;200.48
11/10/2000;193.08
12/10/2000;192.64
13/10/2000;190.37
16/10/2000;201.21
17/10/2000;201.27
18/10/2000;194.67
19/10/2000;197.22
20/10/2000;204.73
23/10/2000;203.06
24/10/2000;202.32
25/10/2000;197.29
26/10/2000;194.05
27/10/2000;195.11
30/10/2000;192.61
31/10/2000;192.22
01/11/2000;199.6
02/11/2000;196.56
03/11/2000;196.4
04/11/2000;191.07
08/11/2000;184.73
09/11/2000;178.52
10/11/2000;178.67
13/11/2000;174.47
14/11/2000;179.42
15/11/2000;178.88
16/11/2000;176.77
17/11/2000;178.67
20/11/2000;174.8
21/11/2000;173.06
22/11/2000;166.01
23/11/2000;165.26
24/11/2000;167
27/11/2000;171.25
28/11/2000;165.1
29/11/2000;160.91
30/11/2000;149.84
01/12/2000;142.47
04/12/2000;141.71
05/12/2000;151.94
06/12/2000;161.25
07/12/2000;153.39
08/12/2000;157.84
09/12/2000;157.76
13/12/2000;159.79
14/12/2000;151.39
15/12/2000;138.65
18/12/2000;139.34
19/12/2000;139.13
20/12/2000;135.21
21/12/2000;130.96
22/12/2000;136.13
25/12/2000;141.51
26/12/2000;142.21
27/12/2000;142.16
28/12/2000;144.39
03/01/2001;135.73
04/01/2001;145.36
05/01/2001;148.96
09/01/2001;150.89
10/01/2001;159.29
11/01/2001;160.03
12/01/2001;163.12
15/01/2001;163.21
16/01/2001;165.7
17/01/2001;169.76
18/01/2001;171.6
19/01/2001;174.9
22/01/2001;166.03
23/01/2001;168.59
24/01/2001;174.97
25/01/2001;176.92
26/01/2001;176.56
29/01/2001;169.95
30/01/2001;167.88
31/01/2001;167.74
01/02/2001;165.61
02/02/2001;165.35
05/02/2001;162.21
06/02/2001;165.28
07/02/2001;163.87
08/02/2001;166.4
09/02/2001;166.37
12/02/2001;166.46
13/02/2001;171.3
14/02/2001;174.15
15/02/2001;180.64
16/02/2001;183.51
19/02/2001;173.96
20/02/2001;172.35
21/02/2001;159.03
22/02/2001;161.17
23/02/2001;160.46
26/02/2001;162.48
27/02/2001;161.41
28/02/2001;158.1
01/03/2001;155.42
02/03/2001;157.21
05/03/2001;160.74
06/03/2001;171.72
07/03/2001;172
11/03/2001;171.16
12/03/2001;168.22
13/03/2001;166.71
14/03/2001;164.43
15/03/2001;164.39
16/03/2001;166
19/03/2001;170.26
20/03/2001;171.29
21/03/2001;166.27
22/03/2001;163.97
23/03/2001;168.48
26/03/2001;169.17
27/03/2001;168.66
28/03/2001;169.93
29/03/2001;166.19
30/03/2001;166.67
02/04/2001;164.38
03/04/2001;160.36
04/04/2001;156.29
05/04/2001;163.91
06/04/2001;164.9
09/04/2001;163.76
10/04/2001;168.8
11/04/2001;171.13
12/04/2001;170.89
13/04/2001;171.15
16/04/2001;168.94
17/04/2001;165.27
18/04/2001;171.86
19/04/2001;175.01
20/04/2001;171.89
23/04/2001;167.18
24/04/2001;169.05
25/04/2001;168.78
26/04/2001;173.47
27/04/2001;177.31
28/04/2001;178.29
03/05/2001;182.37
04/05/2001;181.1
07/05/2001;184.81
08/05/2001;188.47
10/05/2001;190.71
11/05/2001;189.74
14/05/2001;187.61
15/05/2001;188.7
16/05/2001;188.88
17/05/2001;196.31
18/05/2001;198.25
21/05/2001;205.6
22/05/2001;206.4
23/05/2001;206.68
24/05/2001;206.02
25/05/2001;201.89
28/05/2001;199.9
29/05/2001;203.23
30/05/2001;203.6
31/05/2001;207.71
01/06/2001;210.96
04/06/2001;221.46
05/06/2001;218.01
06/06/2001;216.73
07/06/2001;212.32
08/06/2001;216.25
09/06/2001;215.75
13/06/2001;215.11
14/06/2001;213.16
15/06/2001;215.16
18/06/2001;218.92
19/06/2001;223.55
20/06/2001;223.42
21/06/2001;228.17
22/06/2001;231.04
25/06/2001;227.51
26/06/2001;223.65
27/06/2001;222.86
28/06/2001;222.58
29/06/2001;219.4
02/07/2001;217.9
03/07/2001;215.18
04/07/2001;216.55
05/07/2001;221.39
06/07/2001;218.2
09/07/2001;211.87
10/07/2001;213.2
11/07/2001;204.15
12/07/2001;204.51
13/07/2001;202.73
16/07/2001;206.4
17/07/2001;204.69
18/07/2001;200.36
19/07/2001;199.35
20/07/2001;202.26
23/07/2001;202.51
24/07/2001;201.05
25/07/2001;203.82
26/07/2001;208.33
27/07/2001;206.99
30/07/2001;201.58
31/07/2001;200.64
01/08/2001;198.78
02/08/2001;200.04
03/08/2001;200.87
06/08/2001;197.21
07/08/2001;188.92
08/08/2001;189.1
09/08/2001;189.81
10/08/2001;191.62
13/08/2001;190.92
14/08/2001;194.1
15/08/2001;191.43
16/08/2001;186.11
17/08/2001;187.13
20/08/2001;185.92
21/08/2001;186.62
22/08/2001;187.34
23/08/2001;187.63
24/08/2001;190.35
27/08/2001;193.78
28/08/2001;195.03
29/08/2001;196.03
30/08/2001;194.36
31/08/2001;193.72
03/09/2001;197.69
04/09/2001;199.74
05/09/2001;197.33
06/09/2001;198.12
07/09/2001;196.53
10/09/2001;195.25
11/09/2001;195.58
12/09/2001;185.02
13/09/2001;186.17
14/09/2001;182.54
17/09/2001;177.3
18/09/2001;180.16
19/09/2001;184.7
20/09/2001;182.66
21/09/2001;174.86
24/09/2001;175.33
25/09/2001;168.51
26/09/2001;167.48
27/09/2001;165.44
28/09/2001;167.33
01/10/2001;168.19
02/10/2001;164.86
03/10/2001;160.1
04/10/2001;160.96
05/10/2001;160.04
08/10/2001;158.34
09/10/2001;161.83
10/10/2001;166.56
11/10/2001;171.79
12/10/2001;173.69
15/10/2001;171.38
16/10/2001;174.01
17/10/2001;179.1
18/10/2001;174.3
19/10/2001;172.71
22/10/2001;177.04
23/10/2001;179.3
24/10/2001;181.8
25/10/2001;180.78
26/10/2001;180.96
29/10/2001;182.61
30/10/2001;186.09
31/10/2001;187.41
01/11/2001;188.78
02/11/2001;190.04
05/11/2001;192.67
06/11/2001;191.78
08/11/2001;197.35
09/11/2001;205.13
12/11/2001;209.7
13/11/2001;216.39
14/11/2001;220.87
15/11/2001;205.93
16/11/2001;201.58
19/11/2001;206.05
20/11/2001;210.53
21/11/2001;207.96
22/11/2001;213.49
23/11/2001;213.82
26/11/2001;216.39
27/11/2001;217.13
28/11/2001;214.7
29/11/2001;209.03
30/11/2001;213.32
03/12/2001;212.41
04/12/2001;218.76
05/12/2001;221.41
06/12/2001;225.32
07/12/2001;222.41
10/12/2001;226.3
11/12/2001;227.83
13/12/2001;221.88
14/12/2001;215.03
17/12/2001;220.51
18/12/2001;222.57
19/12/2001;225.85
20/12/2001;229.84
21/12/2001;228.05
24/12/2001;234.33
25/12/2001;231.63
26/12/2001;230.66
27/12/2001;233.35
28/12/2001;236.24
29/12/2001;237.63
03/01/2002;246.79
04/01/2002;256.98
08/01/2002;268.01
09/01/2002;268.3
10/01/2002;265.38
11/01/2002;265.33
14/01/2002;258.19
15/01/2002;255.81
16/01/2002;258.91
17/01/2002;261.99
18/01/2002;266
21/01/2002;266.39
22/01/2002;272.07
23/01/2002;273.74
24/01/2002;263.08
25/01/2002;255.95
28/01/2002;255.91
29/01/2002;262.94
30/01/2002;256.82
31/01/2002;260.77
01/02/2002;262.13
04/02/2002;257.01
05/02/2002;255.02
06/02/2002;260.26
07/02/2002;265.11
08/02/2002;267.27
11/02/2002;267.31
12/02/2002;269.87
13/02/2002;266.37
14/02/2002;262.61
15/02/2002;262.22
18/02/2002;256.85
19/02/2002;257.23
20/02/2002;250.71
21/02/2002;255.34
22/02/2002;262.55
26/02/2002;268.88
27/02/2002;264.51
28/02/2002;262.65
01/03/2002;270.04
04/03/2002;278.75
05/03/2002;275.47
06/03/2002;274.39
07/03/2002;281.96
11/03/2002;279.32
12/03/2002;274.83
13/03/2002;278.42
14/03/2002;281.34
15/03/2002;287.37
18/03/2002;294.18
19/03/2002;294.09
20/03/2002;288.92
21/03/2002;290.64
22/03/2002;295.36
25/03/2002;293
26/03/2002;286.03
27/03/2002;292.36
28/03/2002;299.46
29/03/2002;302.96
01/04/2002;302.2
02/04/2002;301.23
03/04/2002;293.08
04/04/2002;293.47
05/04/2002;295.93
08/04/2002;296.88
09/04/2002;304.86
10/04/2002;311.33
11/04/2002;315.23
12/04/2002;314.5
15/04/2002;320.42
16/04/2002;324.99
17/04/2002;328.13
18/04/2002;336.64
19/04/2002;339.23
22/04/2002;341.55
23/04/2002;337.85
24/04/2002;339.77
25/04/2002;337.86
26/04/2002;343.23
27/04/2002;344.2
29/04/2002;347.82
30/04/2002;343.33
06/05/2002;340.72
07/05/2002;328.81
08/05/2002;329.92
13/05/2002;328.96
14/05/2002;340.87
15/05/2002;346.2
16/05/2002;344.38
17/05/2002;349.08
18/05/2002;352.7
20/05/2002;355.39
21/05/2002;349.85
22/05/2002;344.92
23/05/2002;347.72
24/05/2002;341.37
27/05/2002;345.42
29/05/2002;335.51
30/05/2002;336.47
31/05/2002;333.61
03/06/2002;333.75
04/06/2002;326.14
05/06/2002;328.65
06/06/2002;334.52
07/06/2002;330.15
10/06/2002;338.84
11/06/2002;337.35
13/06/2002;338
14/06/2002;330.68
17/06/2002;327.51
18/06/2002;320.22
19/06/2002;312.27
20/06/2002;307.92
21/06/2002;297.15
24/06/2002;298.06
25/06/2002;300.79
26/06/2002;290.47
27/06/2002;299.82
28/06/2002;304.18
01/07/2002;306.21
02/07/2002;305.6
03/07/2002;300.9
04/07/2002;309.86
05/07/2002;316.25
08/07/2002;316.86
09/07/2002;319.94
10/07/2002;324.24
11/07/2002;318.31
12/07/2002;318.18
15/07/2002;312.55
16/07/2002;308
17/07/2002;312.97
18/07/2002;318.83
19/07/2002;314.57
22/07/2002;305.5
23/07/2002;302.08
24/07/2002;285.98
25/07/2002;285.93
26/07/2002;275.42
29/07/2002;286.08
30/07/2002;286.54
31/07/2002;281.81
01/08/2002;283.52
02/08/2002;280.75
05/08/2002;272.21
06/08/2002;269.55
07/08/2002;280.95
08/08/2002;285.78
09/08/2002;284.57
12/08/2002;283.69
13/08/2002;287.3
14/08/2002;291.14
15/08/2002;297.76
16/08/2002;294.68
19/08/2002;299.95
20/08/2002;304.56
21/08/2002;304.25
22/08/2002;307.54
23/08/2002;303.42
26/08/2002;300.2
27/08/2002;304.19
28/08/2002;303.03
29/08/2002;293.46
30/08/2002;292.23
02/09/2002;287.58
03/09/2002;284.43
04/09/2002;285.31
05/09/2002;286.17
06/09/2002;288.5
09/09/2002;289.64
10/09/2002;294.36
11/09/2002;298.05
12/09/2002;296.62
13/09/2002;290.53
16/09/2002;289.11
17/09/2002;292.51
18/09/2002;284.19
19/09/2002;282.5
20/09/2002;285.39
23/09/2002;289.46
24/09/2002;289.61
25/09/2002;293.9
26/09/2002;298.6
27/09/2002;295.3
30/09/2002;289.96
01/10/2002;288.83
02/10/2002;295.33
03/10/2002;298.67
04/10/2002;303.19
07/10/2002;306.58
08/10/2002;306.89
09/10/2002;306.56
10/10/2002;298.22
11/10/2002;299.24
14/10/2002;296.95
15/10/2002;303.33
16/10/2002;306.4
17/10/2002;310.27
18/10/2002;310.01
21/10/2002;311.45
22/10/2002;310
23/10/2002;309.24
24/10/2002;301.49
25/10/2002;300.06
28/10/2002;306.81
29/10/2002;306.3
30/10/2002;306.86
31/10/2002;311.41
01/11/2002;310.74
04/11/2002;312.58
05/11/2002;306.28
06/11/2002;301.89
10/11/2002;300.07
11/11/2002;301.36
12/11/2002;308.78
13/11/2002;309.41
14/11/2002;307.01
15/11/2002;309.48
18/11/2002;313.59
19/11/2002;309.76
20/11/2002;310.61
21/11/2002;315.81
22/11/2002;316.21
25/11/2002;316.1
26/11/2002;319.51
27/11/2002;318.13
28/11/2002;317.71
29/11/2002;321.24
02/12/2002;321.41
03/12/2002;318.17
04/12/2002;314.85
05/12/2002;309.73
06/12/2002;310.74
09/12/2002;313.4
10/12/2002;309.0314
11/12/2002;309.03
15/12/2002;305.62
16/12/2002;306.44
17/12/2002;302.18
18/12/2002;311.18
19/12/2002;308.01
20/12/2002;313.5
23/12/2002;314.38
24/12/2002;314.57
25/12/2002;311.63
26/12/2002;314.33
27/12/2002;315.67
30/12/2002;318.8
31/12/2002;317.63
04/01/2003;320.9204
05/01/2003;319.5329
08/01/2003;319.53
09/01/2003;316.13
10/01/2003;322.4
13/01/2003;321.87
14/01/2003;321.27
15/01/2003;320.27
16/01/2003;323.18
17/01/2003;322.92
20/01/2003;319.32
21/01/2003;318.18
22/01/2003;306.51
23/01/2003;306.31
24/01/2003;304.43
27/01/2003;303.68
28/01/2003;302.87
29/01/2003;305.8
30/01/2003;307.38
31/01/2003;310.79
03/02/2003;307.81
04/02/2003;311.49
05/02/2003;310.71
06/02/2003;310.8
07/02/2003;308.19
10/02/2003;314.35
11/02/2003;322.43
12/02/2003;334.22
13/02/2003;329.95
14/02/2003;329.69
17/02/2003;332.04
18/02/2003;333.57
19/02/2003;333.92
20/02/2003;327.67
21/02/2003;330.62
25/02/2003;333.39
26/02/2003;335.8
27/02/2003;335.65
28/02/2003;338.36
03/03/2003;341.69
04/03/2003;352.7
05/03/2003;348.38
06/03/2003;357.92
07/03/2003;359.83
11/03/2003;354.86
12/03/2003;350.04
13/03/2003;343.31
14/03/2003;347.37
17/03/2003;345.61
18/03/2003;338.09
19/03/2003;330.12
20/03/2003;333.75
21/03/2003;334.89
24/03/2003;338.61
25/03/2003;332.18
26/03/2003;333.63
27/03/2003;333.36
28/03/2003;332.66
31/03/2003;330.26
01/04/2003;325.16
02/04/2003;327.63
03/04/2003;331.03
04/04/2003;327.01
07/04/2003;330.87
08/04/2003;336.29
09/04/2003;337.44
10/04/2003;336.52
11/04/2003;336.77
14/04/2003;338.23
15/04/2003;341.9
16/04/2003;346.01
17/04/2003;344.41
18/04/2003;349.15
21/04/2003;356.92
22/04/2003;364.45
23/04/2003;365.73
24/04/2003;372.74
25/04/2003;366.11
28/04/2003;372.03
29/04/2003;383.02
30/04/2003;376.3
05/05/2003;369.79
06/05/2003;380.17
07/05/2003;379.57
08/05/2003;375.43
12/05/2003;374.8
13/05/2003;385.24
14/05/2003;384.57
15/05/2003;387.29
16/05/2003;392.01
19/05/2003;399.98
20/05/2003;404.28
21/05/2003;400.17
22/05/2003;399.38
23/05/2003;411.6
26/05/2003;415.81
27/05/2003;420.97
28/05/2003;423.9
29/05/2003;426.2
30/05/2003;420.57
02/06/2003;421.08
03/06/2003;413.26
04/06/2003;420.08
05/06/2003;425.35
06/06/2003;420.08
09/06/2003;431.86
10/06/2003;437.06
11/06/2003;421.45
16/06/2003;430.66
17/06/2003;453.43
18/06/2003;456.78
19/06/2003;451.89
20/06/2003;441.14
21/06/2003;444.12
23/06/2003;447.18
24/06/2003;441.07
25/06/2003;443.65
26/06/2003;455.13
27/06/2003;448.41
30/06/2003;451.03
01/07/2003;455.44
02/07/2003;455.16
03/07/2003;467.98
04/07/2003;460.98
07/07/2003;466.48
08/07/2003;468.05
09/07/2003;463.13
10/07/2003;446.69
11/07/2003;433.37
14/07/2003;427.26
15/07/2003;439.3
16/07/2003;438.55
17/07/2003;410.24
18/07/2003;391.93
21/07/2003;398.8
22/07/2003;410.13
23/07/2003;419.1
24/07/2003;413.98
25/07/2003;426.8
28/07/2003;428.11
29/07/2003;427.96
30/07/2003;417.07
31/07/2003;422.43
01/08/2003;430.3
04/08/2003;419.22
05/08/2003;421.65
06/08/2003;424.41
07/08/2003;431.9
08/08/2003;431.97
11/08/2003;433.47
12/08/2003;442.96
13/08/2003;447.28
14/08/2003;453.36
15/08/2003;457.76
18/08/2003;464.33
19/08/2003;474.91
20/08/2003;476.17
21/08/2003;469.87
22/08/2003;478.31
25/08/2003;479.96
26/08/2003;477.4
27/08/2003;471.13
28/08/2003;469.98
29/08/2003;476.35
01/09/2003;484
02/09/2003;491.9
03/09/2003;501.03
04/09/2003;495.11
05/09/2003;502.29
08/09/2003;494.18
09/09/2003;492.8
10/09/2003;490.25
11/09/2003;495.32
12/09/2003;491.88
15/09/2003;498.22
16/09/2003;505.8
17/09/2003;507.08
18/09/2003;502.12
19/09/2003;501.86
22/09/2003;497.37
23/09/2003;492.65
24/09/2003;504.52
25/09/2003;507.72
26/09/2003;503.83
29/09/2003;502.62
30/09/2003;516.03
01/10/2003;515.17
02/10/2003;521.11
03/10/2003;533.25
06/10/2003;535.8
07/10/2003;540.56
08/10/2003;546.32
09/10/2003;567.52
10/10/2003;559.35
13/10/2003;550.64
14/10/2003;567.38
15/10/2003;570.67
16/10/2003;572.16
17/10/2003;580.1
20/10/2003;583.1
21/10/2003;579.67
22/10/2003;553.45
23/10/2003;527.12
24/10/2003;530.91
27/10/2003;536
28/10/2003;500.42
29/10/2003;509.67
30/10/2003;498.35
31/10/2003;448.76
03/11/2003;468.85
04/11/2003;506.25
05/11/2003;502.78
06/11/2003;493.1
10/11/2003;492.89
11/11/2003;493.72
12/11/2003;482.61
13/11/2003;474.82
14/11/2003;475.43
17/11/2003;472.57
18/11/2003;461.77
19/11/2003;441.18
20/11/2003;429.26
21/11/2003;446.15
24/11/2003;455.32
25/11/2003;469.92
26/11/2003;480.71
27/11/2003;486.74
28/11/2003;488.51
01/12/2003;484.73
02/12/2003;484.21
03/12/2003;493.98
04/12/2003;503.53
05/12/2003;495.53
08/12/2003;494.42
09/12/2003;494.69
10/12/2003;501.74
11/12/2003;499.72
15/12/2003;499.36
16/12/2003;506.22
17/12/2003;497.54
18/12/2003;500.82
19/12/2003;509.94
22/12/2003;519.73
23/12/2003;521.95
24/12/2003;516.85
25/12/2003;511.65
26/12/2003;513.56
29/12/2003;517.58
30/12/2003;518.81
05/01/2004;514.71
06/01/2004;542.19
08/01/2004;543.94
09/01/2004;533.57
12/01/2004;549.69
13/01/2004;536.85
14/01/2004;531.93
15/01/2004;542.45
16/01/2004;523.81
19/01/2004;532.49
20/01/2004;539.17
21/01/2004;541.87
22/01/2004;546.98
23/01/2004;553.17
26/01/2004;563.62
27/01/2004;556.89
28/01/2004;561
29/01/2004;556.33
30/01/2004;562.15
02/02/2004;551.72
03/02/2004;542.56
04/02/2004;551.02
05/02/2004;557.56
06/02/2004;547.79
09/02/2004;549.09
10/02/2004;552.83
11/02/2004;550.29
12/02/2004;552.02
13/02/2004;566.72
16/02/2004;569.07
17/02/2004;570.77
18/02/2004;572.98
19/02/2004;575.76
20/02/2004;570.86
24/02/2004;576.44
25/02/2004;574.01
26/02/2004;578.29
27/02/2004;582.38
01/03/2004;591.09
02/03/2004;606.71
03/03/2004;600.29
04/03/2004;591.9
05/03/2004;592.34
09/03/2004;598.18
10/03/2004;605.84
11/03/2004;594.13
12/03/2004;582.48
15/03/2004;586.86
16/03/2004;583.54
17/03/2004;593.73
18/03/2004;609.02
19/03/2004;617.29
22/03/2004;630.95
23/03/2004;620.14
24/03/2004;624.26
25/03/2004;617.19
26/03/2004;618.01
29/03/2004;619.68
30/03/2004;633.32
31/03/2004;635.74
01/04/2004;644.64
02/04/2004;646.29
05/04/2004;656.68
06/04/2004;664.54
07/04/2004;654.71
08/04/2004;669.01
09/04/2004;678.54
12/04/2004;678.69
13/04/2004;681.48
14/04/2004;661.18
15/04/2004;644.5
16/04/2004;651.86
19/04/2004;637.07
20/04/2004;640.33
21/04/2004;644.5
22/04/2004;614.95
23/04/2004;604.33
26/04/2004;601.75
27/04/2004;599.84
28/04/2004;607.52
29/04/2004;599.15
30/04/2004;559.3
05/05/2004;561.78
06/05/2004;577.91
07/05/2004;571.15
11/05/2004;545.79
12/05/2004;523.32
13/05/2004;540.72
14/05/2004;547.43
17/05/2004;537.17
18/05/2004;560.59
19/05/2004;559.09
20/05/2004;573.72
21/05/2004;576.14
24/05/2004;577.38
25/05/2004;581.95
26/05/2004;559.03
27/05/2004;569.2
28/05/2004;559.99
31/05/2004;530.86
01/06/2004;535.4
02/06/2004;512.99
03/06/2004;533.88
04/06/2004;535.89
07/06/2004;522.29
08/06/2004;536.53
09/06/2004;543.69
10/06/2004;537.08
11/06/2004;530.24
15/06/2004;526.24
16/06/2004;507.07
17/06/2004;508.54
18/06/2004;556
21/06/2004;558.09
22/06/2004;571.82
23/06/2004;556.98
24/06/2004;551.47
25/06/2004;556.16
28/06/2004;549.46
29/06/2004;537.3
30/06/2004;528.56
01/07/2004;534.84
02/07/2004;517.61
05/07/2004;514.29
06/07/2004;518.71
07/07/2004;516.54
08/07/2004;522.78
09/07/2004;518.65
12/07/2004;517.25
13/07/2004;531.63
14/07/2004;542.1
15/07/2004;542.06
16/07/2004;546.81
19/07/2004;544.07
20/07/2004;554.83
21/07/2004;532.67
22/07/2004;524.95
23/07/2004;510.76
26/07/2004;519.32
27/07/2004;509.05
28/07/2004;501.79
29/07/2004;467.72
30/07/2004;482.19
02/08/2004;502.81
03/08/2004;505.11
04/08/2004;503.68
05/08/2004;504.9
06/08/2004;502.45
09/08/2004;500.13
10/08/2004;508.78
11/08/2004;504.67
12/08/2004;489.82
13/08/2004;500.82
16/08/2004;513.37
17/08/2004;517.37
18/08/2004;517.2
19/08/2004;505.14
20/08/2004;513.14
23/08/2004;515.09
24/08/2004;519.3
25/08/2004;519.71
26/08/2004;525.95
27/08/2004;527.72
30/08/2004;536.8
31/08/2004;538.88
01/09/2004;549.28
02/09/2004;550.43
03/09/2004;550.67
06/09/2004;557.59
07/09/2004;563.24
08/09/2004;562.73
09/09/2004;560.87
10/09/2004;566.96
13/09/2004;571.83
14/09/2004;570.76
15/09/2004;581.11
16/09/2004;582.88
17/09/2004;575.44
20/09/2004;579.99
21/09/2004;583.11
22/09/2004;590.84
23/09/2004;587.44
24/09/2004;587.19
27/09/2004;589.72
28/09/2004;590.28
29/09/2004;602.22
30/09/2004;605.56
01/10/2004;611.03
04/10/2004;642.79
05/10/2004;649.31
06/10/2004;695.12
07/10/2004;704.04
08/10/2004;707.55
11/10/2004;707.14
12/10/2004;665.31
13/10/2004;637.86
14/10/2004;634.54
15/10/2004;636.11
18/10/2004;629.29
19/10/2004;638.71
20/10/2004;634.86
21/10/2004;605.4
22/10/2004;611.28
25/10/2004;623.12
26/10/2004;615.9
27/10/2004;627.86
28/10/2004;638.29
29/10/2004;624.92
01/11/2004;632.97
02/11/2004;622.67
03/11/2004;620.96
04/11/2004;620.48
05/11/2004;632.97
09/11/2004;636.02
10/11/2004;637.72
11/11/2004;627.76
12/11/2004;624.88
15/11/2004;626.8
16/11/2004;628.12
17/11/2004;632.06
18/11/2004;640.56
19/11/2004;642.04
22/11/2004;610.38
23/11/2004;614.46
24/11/2004;600.1
25/11/2004;586.7
26/11/2004;578.01
29/11/2004;575.91
30/11/2004;574.67
01/12/2004;570.76
02/12/2004;550.96
03/12/2004;551.63
06/12/2004;537.4
07/12/2004;538.5
08/12/2004;553.8
09/12/2004;520.39
10/12/2004;498
14/12/2004;495.24
15/12/2004;518.64
16/12/2004;519.02
17/12/2004;514.87
20/12/2004;496.59
21/12/2004;512.25
22/12/2004;534.9
23/12/2004;531.36
24/12/2004;544.82
27/12/2004;547.12
28/12/2004;555.78
29/12/2004;548.15
30/12/2004;546.55
11/01/2005;552.22
12/01/2005;547.85
13/01/2005;545.31
14/01/2005;543.9
17/01/2005;548.69
18/01/2005;544.04
19/01/2005;535.94
20/01/2005;543.52
21/01/2005;534.6
24/01/2005;537.72
25/01/2005;548.23
26/01/2005;553.96
27/01/2005;552.68
28/01/2005;557.13
31/01/2005;571.65
01/02/2005;575.74
02/02/2005;583.33
03/02/2005;587.98
04/02/2005;593.25
07/02/2005;592.79
08/02/2005;588.16
09/02/2005;596.45
10/02/2005;589.13
11/02/2005;590.81
14/02/2005;585.5
15/02/2005;586.28
16/02/2005;591.73
17/02/2005;594.15
18/02/2005;598.11
21/02/2005;601.77
22/02/2005;606.52
24/02/2005;603.62
25/02/2005;619.55
28/02/2005;625.97
01/03/2005;633.88
02/03/2005;622.73
03/03/2005;608.57
04/03/2005;608.94
05/03/2005;622.31
09/03/2005;625.87
10/03/2005;623.74
11/03/2005;606.21
14/03/2005;608.45
15/03/2005;597.89
16/03/2005;595.16
17/03/2005;573.85
18/03/2005;584.31
21/03/2005;582.43
22/03/2005;572.03
23/03/2005;584.09
24/03/2005;573.76
25/03/2005;596.94
28/03/2005;602.4
29/03/2005;601.69
30/03/2005;596.89
31/03/2005;591.14
01/04/2005;598.04
04/04/2005;611.86
05/04/2005;605.32
06/04/2005;611.78
07/04/2005;626.45
08/04/2005;627.97
11/04/2005;631.13
12/04/2005;616.29
13/04/2005;615.94
14/04/2005;617.02
15/04/2005;608.31
18/04/2005;602.71
19/04/2005;591.12
20/04/2005;596.36
21/04/2005;594.91
22/04/2005;603.79
25/04/2005;609.78
26/04/2005;611.5
27/04/2005;605.24
28/04/2005;594.89
29/04/2005;595.68
03/05/2005;593.88
04/05/2005;597.45
05/05/2005;598.14
06/05/2005;599.49
11/05/2005;597.21
12/05/2005;589.25
13/05/2005;581.56
14/05/2005;580.04
16/05/2005;578.76
17/05/2005;564.43
18/05/2005;587
19/05/2005;587.35
20/05/2005;586.8
23/05/2005;585.68
24/05/2005;587.07
25/05/2005;605.32
26/05/2005;595.75
27/05/2005;597.09
30/05/2005;597.33
31/05/2005;596.15
01/06/2005;603.89
02/06/2005;601.29
03/06/2005;606.95
06/06/2005;609.09
07/06/2005;606.33
08/06/2005;606.78
09/06/2005;606.89
10/06/2005;605.43
14/06/2005;611.19
15/06/2005;619.97
16/06/2005;616.69
17/06/2005;618.93
20/06/2005;624.07
21/06/2005;624.66
22/06/2005;621.02
23/06/2005;628.26
24/06/2005;632.39
27/06/2005;632.9
28/06/2005;628.38
29/06/2005;629.27
30/06/2005;630.27
01/07/2005;639.98
04/07/2005;649.08
05/07/2005;653.26
06/07/2005;652.53
07/07/2005;671.59
08/07/2005;671.73
11/07/2005;681.84
12/07/2005;683.42
13/07/2005;678.87
14/07/2005;686.44
15/07/2005;682.89
18/07/2005;676.39
19/07/2005;670.44
20/07/2005;679.66
21/07/2005;687.4
22/07/2005;684.82
25/07/2005;695.34
26/07/2005;702.46
27/07/2005;692.01
28/07/2005;697.27
29/07/2005;702.09
01/08/2005;700.65
02/08/2005;702.34
03/08/2005;709.94
04/08/2005;697.87
05/08/2005;712.28
08/08/2005;715.41
09/08/2005;718.53
10/08/2005;720.5
11/08/2005;721
12/08/2005;709.5
15/08/2005;705.08
16/08/2005;714.42
17/08/2005;738.15
18/08/2005;746.58
19/08/2005;743.99
22/08/2005;755.98
23/08/2005;760.54
24/08/2005;760.82
25/08/2005;761.93
26/08/2005;765.86
29/08/2005;768.5
30/08/2005;772.92
31/08/2005;778.38
01/09/2005;784.28
02/09/2005;790.97
05/09/2005;803.67
06/09/2005;797.46
07/09/2005;776.36
08/09/2005;758.01
09/09/2005;773.61
12/09/2005;794.92
13/09/2005;792.24
14/09/2005;786.26
15/09/2005;790
16/09/2005;801.45
19/09/2005;811.27
20/09/2005;834.06
21/09/2005;836.52
22/09/2005;858.85
23/09/2005;860.07
26/09/2005;864.56
27/09/2005;853.78
28/09/2005;891.71
29/09/2005;886.76
30/09/2005;879.19
03/10/2005;892.5
04/10/2005;932.87
05/10/2005;939.44
06/10/2005;898.99
07/10/2005;846.49
10/10/2005;843.49
11/10/2005;871.91
12/10/2005;901.55
13/10/2005;859.7
14/10/2005;841.45
17/10/2005;809.3
18/10/2005;819.87
19/10/2005;821.62
20/10/2005;786.56
21/10/2005;791.2
24/10/2005;797.95
25/10/2005;820.94
26/10/2005;812.1
27/10/2005;819.87
28/10/2005;800.31
31/10/2005;818.64
01/11/2005;842.52
02/11/2005;844.43
03/11/2005;873.34
07/11/2005;880.13
08/11/2005;880.45
09/11/2005;880.14
10/11/2005;884.85
11/11/2005;874.53
14/11/2005;880.31
15/11/2005;903.94
16/11/2005;904.86
17/11/2005;905.86
18/11/2005;929.99
21/11/2005;928.14
22/11/2005;930.12
23/11/2005;923.84
24/11/2005;920.52
25/11/2005;931.48
28/11/2005;940.63
29/11/2005;940.28
30/11/2005;937.65
01/12/2005;944.55
02/12/2005;970.34
05/12/2005;985.99
06/12/2005;985.81
07/12/2005;983.36
08/12/2005;991.76
09/12/2005;993.77
12/12/2005;994.96
13/12/2005;1003.17
14/12/2005;998.9
15/12/2005;997.07
16/12/2005;993.43
19/12/2005;996.15
20/12/2005;1000.44
21/12/2005;995.79
22/12/2005;1001.79
23/12/2005;1020.3
26/12/2005;1015.95
27/12/2005;1018.35
28/12/2005;1013.36
29/12/2005;1004.57
30/12/2005;1010.11
10/01/2006;1046.41
11/01/2006;1064.91
12/01/2006;1088.03
13/01/2006;1129.74
16/01/2006;1114.21
17/01/2006;1150.34
18/01/2006;1124.79
19/01/2006;1103.71
20/01/2006;1147.8
23/01/2006;1169.03
24/01/2006;1144.1
25/01/2006;1163.4
26/01/2006;1179.11
27/01/2006;1187.11
30/01/2006;1227.05
31/01/2006;1186.38
01/02/2006;1171.44
02/02/2006;1201.32
03/02/2006;1195.14
06/02/2006;1163.75
07/02/2006;1194.23
08/02/2006;1186.08
09/02/2006;1205.05
10/02/2006;1237.6
13/02/2006;1229.37
14/02/2006;1238.18
15/02/2006;1242.99
16/02/2006;1237.56
17/02/2006;1255.05
20/02/2006;1301.04
21/02/2006;1337.28
22/02/2006;1317.98
26/02/2006;1348.67
27/02/2006;1399.08
28/02/2006;1388.6
01/03/2006;1325.99
02/03/2006;1336.55
03/03/2006;1345.42
06/03/2006;1349.06
07/03/2006;1336.92
09/03/2006;1261.93
10/03/2006;1236.64
13/03/2006;1232.77
14/03/2006;1275.37
15/03/2006;1240.48
16/03/2006;1255.62
17/03/2006;1253.68
20/03/2006;1288.32
21/03/2006;1272.05
22/03/2006;1262.8
23/03/2006;1280.74
24/03/2006;1289.71
27/03/2006;1291.82
28/03/2006;1291.89
29/03/2006;1273.06
30/03/2006;1251.82
31/03/2006;1295.98
03/04/2006;1299.19
04/04/2006;1316.93
05/04/2006;1308.36
06/04/2006;1336.04
07/04/2006;1344.79
10/04/2006;1374.14
11/04/2006;1408.73
12/04/2006;1399.16
13/04/2006;1419.4
14/04/2006;1395.57
17/04/2006;1413.24
18/04/2006;1429.58
19/04/2006;1441.52
20/04/2006;1457.57
21/04/2006;1449.19
24/04/2006;1458.53
25/04/2006;1470.72
26/04/2006;1460.34
27/04/2006;1500.65
28/04/2006;1451.06
02/05/2006;1486.85
03/05/2006;1538.41
04/05/2006;1531.1
05/05/2006;1560.74
06/05/2006;1562.02
10/05/2006;1585.04
11/05/2006;1543.75
12/05/2006;1534.51
15/05/2006;1483.62
16/05/2006;1398.2
17/05/2006;1403.95
18/05/2006;1343.86
19/05/2006;1308.48
22/05/2006;1265.87
23/05/2006;1143.76
24/05/2006;1265.89
25/05/2006;1216.22
26/05/2006;1274.37
29/05/2006;1341.99
30/05/2006;1313.85
31/05/2006;1303.53
01/06/2006;1281.5
02/06/2006;1298.84
05/06/2006;1363.49
06/06/2006;1364.33
07/06/2006;1277.48
08/06/2006;1211.68
09/06/2006;1173.11
13/06/2006;1191.66
14/06/2006;1082.25
15/06/2006;1149.34
16/06/2006;1203.25
19/06/2006;1180.55
20/06/2006;1199.45
21/06/2006;1235.19
22/06/2006;1227.95
23/06/2006;1193.02
26/06/2006;1198.03
27/06/2006;1202.89
28/06/2006;1247.75
29/06/2006;1270.2
30/06/2006;1292.2
03/07/2006;1331.39
04/07/2006;1354.34
05/07/2006;1374.21
06/07/2006;1312.79
07/07/2006;1367.2
10/07/2006;1367.38
11/07/2006;1384.49
12/07/2006;1368.63
13/07/2006;1376.3
14/07/2006;1307.77
17/07/2006;1313.09
18/07/2006;1277.19
19/07/2006;1296.37
20/07/2006;1332.11
21/07/2006;1328.61
24/07/2006;1315.41
25/07/2006;1337.7
26/07/2006;1332.35
27/07/2006;1344.43
28/07/2006;1392.59
31/07/2006;1388.31
01/08/2006;1380.24
02/08/2006;1369.87
03/08/2006;1399.27
04/08/2006;1408.2
07/08/2006;1449.73
08/08/2006;1441.58
09/08/2006;1440.5
10/08/2006;1462.68
11/08/2006;1454.27
14/08/2006;1479.96
15/08/2006;1474.99
16/08/2006;1476.3
17/08/2006;1487.3
18/08/2006;1466.95
21/08/2006;1404.73
22/08/2006;1430.93
23/08/2006;1456.93
24/08/2006;1456.64
25/08/2006;1440.09
28/08/2006;1456.73
29/08/2006;1450.58
30/08/2006;1450.5
31/08/2006;1459.16
01/09/2006;1448.72
04/09/2006;1434.01
05/09/2006;1451.3
06/09/2006;1481.21
07/09/2006;1446.37
08/09/2006;1402.36
11/09/2006;1405.87
12/09/2006;1349.28
13/09/2006;1371.58
14/09/2006;1384.16
15/09/2006;1381.32
18/09/2006;1369.59
19/09/2006;1384.47
20/09/2006;1396.07
21/09/2006;1369.4
22/09/2006;1347.78
25/09/2006;1300.21
26/09/2006;1255.48
27/09/2006;1305.77
28/09/2006;1333.55
29/09/2006;1368.09
02/10/2006;1378.57
03/10/2006;1361.19
04/10/2006;1321.74
05/10/2006;1359.46
06/10/2006;1384.59
09/10/2006;1375.23
10/10/2006;1410.33
11/10/2006;1406.18
12/10/2006;1412.01
13/10/2006;1419.96
16/10/2006;1442.5
17/10/2006;1450.71
18/10/2006;1423.61
19/10/2006;1445.02
20/10/2006;1460.31
23/10/2006;1442.68
24/10/2006;1441.98
25/10/2006;1429.48
26/10/2006;1455.97
27/10/2006;1443.25
30/10/2006;1433.42
31/10/2006;1403
01/11/2006;1430.37
02/11/2006;1455.68
03/11/2006;1434.5
07/11/2006;1460.23
08/11/2006;1480.53
09/11/2006;1478.34
10/11/2006;1503.1
13/11/2006;1502.96
14/11/2006;1501.45
15/11/2006;1500.17
16/11/2006;1505.11
17/11/2006;1509.62
20/11/2006;1499.61
21/11/2006;1492.03
22/11/2006;1512.28
23/11/2006;1503.21
24/11/2006;1517.43
27/11/2006;1520.4
28/11/2006;1518.36
29/11/2006;1521.93
30/11/2006;1550.9
01/12/2006;1550.75
04/12/2006;1551.05
05/12/2006;1565.71
06/12/2006;1586.32
07/12/2006;1602.4
08/12/2006;1607.13
11/12/2006;1612.52
12/12/2006;1611.66
13/12/2006;1608.43
14/12/2006;1600.17
15/12/2006;1615.56
18/12/2006;1628.11
19/12/2006;1629.63
20/12/2006;1605.51
21/12/2006;1625.48
22/12/2006;1630.75
25/12/2006;1619.51
26/12/2006;1614.48
27/12/2006;1614.57
28/12/2006;1643.23
29/12/2006;1677.16
09/01/2007;1664.49
10/01/2007;1571.91
11/01/2007;1568.15
12/01/2007;1593.28
15/01/2007;1593.88
16/01/2007;1650.55
17/01/2007;1639.97
18/01/2007;1621.56
19/01/2007;1606.41
22/01/2007;1635.2
23/01/2007;1653.21
24/01/2007;1678.36
25/01/2007;1666.75
26/01/2007;1675.45
29/01/2007;1670.07
30/01/2007;1639.58
31/01/2007;1658.13
01/02/2007;1663.1
02/02/2007;1703.94
05/02/2007;1706.81
06/02/2007;1712.99
07/02/2007;1732.79
08/02/2007;1720.01
09/02/2007;1690.09
12/02/2007;1688.7
13/02/2007;1635.79
14/02/2007;1687.49
15/02/2007;1691.01
16/02/2007;1691.32
19/02/2007;1696.57
20/02/2007;1696.19
21/02/2007;1682.64
22/02/2007;1701.98
26/02/2007;1739.66
27/02/2007;1746.32
28/02/2007;1650.53
01/03/2007;1653.68
02/03/2007;1595.48
05/03/2007;1546.1
06/03/2007;1542
07/03/2007;1579.47
09/03/2007;1585.62
12/03/2007;1610.32
13/03/2007;1612.8
14/03/2007;1568.75
15/03/2007;1575.06
16/03/2007;1603.18
19/03/2007;1613.1
20/03/2007;1649.66
21/03/2007;1632.84
22/03/2007;1661.55
23/03/2007;1679.21
26/03/2007;1703.66
27/03/2007;1694.95
28/03/2007;1680.33
29/03/2007;1696.66
30/03/2007;1724.01
02/04/2007;1695.99
03/04/2007;1698.33
04/04/2007;1704.36
05/04/2007;1704.8
06/04/2007;1721.13
09/04/2007;1727.94
10/04/2007;1745.23
11/04/2007;1760.75
12/04/2007;1748.89
13/04/2007;1743.86
16/04/2007;1774.65
17/04/2007;1774.29
18/04/2007;1752.7
19/04/2007;1711.87
20/04/2007;1706.22
23/04/2007;1752.17
24/04/2007;1741.95
25/04/2007;1723.85
26/04/2007;1742.92
27/04/2007;1723.54
28/04/2007;1681.92
02/05/2007;1687.89
03/05/2007;1680.72
04/05/2007;1691.56
07/05/2007;1699.59
08/05/2007;1697.76
10/05/2007;1684.84
11/05/2007;1652.58
14/05/2007;1634.47
15/05/2007;1627.56
16/05/2007;1609.03
17/05/2007;1637.1
18/05/2007;1625.12
21/05/2007;1648.46
22/05/2007;1655.13
23/05/2007;1642.42
24/05/2007;1594.06
25/05/2007;1564.41
28/05/2007;1585.16
29/05/2007;1560.41
30/05/2007;1506.94
31/05/2007;1531.09
01/06/2007;1571.96
04/06/2007;1610.52
05/06/2007;1613.14
06/06/2007;1616.52
07/06/2007;1604.88
08/06/2007;1583.86
09/06/2007;1592.1
13/06/2007;1591.14
14/06/2007;1613.24
15/06/2007;1665.13
18/06/2007;1676
19/06/2007;1681.46
20/06/2007;1670.78
21/06/2007;1691.18
22/06/2007;1675.2
25/06/2007;1672.34
26/06/2007;1655.88
27/06/2007;1659.84
28/06/2007;1666.91
29/06/2007;1676.21
02/07/2007;1665.98
03/07/2007;1690
04/07/2007;1705.58
05/07/2007;1706.61
06/07/2007;1729.37
09/07/2007;1736.53
10/07/2007;1745.93
11/07/2007;1717.55
12/07/2007;1746.15
13/07/2007;1799.99
16/07/2007;1790.67
17/07/2007;1785.11
18/07/2007;1777.85
19/07/2007;1768.09
20/07/2007;1803.29
23/07/2007;1779.59
24/07/2007;1808.58
25/07/2007;1756.75
26/07/2007;1785.13
27/07/2007;1692.86
30/07/2007;1705.47
31/07/2007;1715.54
01/08/2007;1703.9
02/08/2007;1702.87
03/08/2007;1713.91
06/08/2007;1695.62
07/08/2007;1695.83
08/08/2007;1694.99
09/08/2007;1734.94
10/08/2007;1652.88
13/08/2007;1653.77
14/08/2007;1674.76
15/08/2007;1669.95
16/08/2007;1612.97
17/08/2007;1595.95
20/08/2007;1640.71
21/08/2007;1622.3
22/08/2007;1607.93
23/08/2007;1641.69
24/08/2007;1627.54
27/08/2007;1640.36
28/08/2007;1655.12
29/08/2007;1620.15
30/08/2007;1649.15
31/08/2007;1660.72
03/09/2007;1680.43
04/09/2007;1673.31
05/09/2007;1665.62
06/09/2007;1655.85
07/09/2007;1672.79
10/09/2007;1633.57
11/09/2007;1643.74
12/09/2007;1651.15
13/09/2007;1638.83
14/09/2007;1669
17/09/2007;1658.63
18/09/2007;1648.81
19/09/2007;1701.23
20/09/2007;1729.4
21/09/2007;1712.21
24/09/2007;1727.04
25/09/2007;1733.32
26/09/2007;1709.52
27/09/2007;1750.74
28/09/2007;1756.73
01/10/2007;1758.19
02/10/2007;1750.64
03/10/2007;1791.38
04/10/2007;1772.64
05/10/2007;1779.92
08/10/2007;1809.72
09/10/2007;1805.22
10/10/2007;1834.46
11/10/2007;1822.07
12/10/2007;1832.36
15/10/2007;1835.91
16/10/2007;1833.04
17/10/2007;1815.85
18/10/2007;1828.25
19/10/2007;1796.87
22/10/2007;1779.19
23/10/2007;1781.78
24/10/2007;1799.29
25/10/2007;1795.32
26/10/2007;1817.95
29/10/2007;1861.62
30/10/2007;1869.82
31/10/2007;1849.01
01/11/2007;1890.06
02/11/2007;1848.57
06/11/2007;1878.92
07/11/2007;1913.8
08/11/2007;1885.24
09/11/2007;1917.11
12/11/2007;1884.03
13/11/2007;1886.8
14/11/2007;1877.54
15/11/2007;1872.32
16/11/2007;1847.78
19/11/2007;1838.69
20/11/2007;1808.39
21/11/2007;1814.63
22/11/2007;1785.28
23/11/2007;1777.52
26/11/2007;1808.25
27/11/2007;1810.59
28/11/2007;1796.19
29/11/2007;1827.35
30/11/2007;1824.33
03/12/2007;1848.72
04/12/2007;1838.67
05/12/2007;1833.94
06/12/2007;1899.87
07/12/2007;1902.5
10/12/2007;1909.64
11/12/2007;1955.05005
12/12/2007;1937.13
13/12/2007;1963.16
14/12/2007;1926.47998
17/12/2007;1885.84
18/12/2007;1883.82
19/12/2007;1910.74
20/12/2007;1903.16
21/12/2007;1934.79
24/12/2007;1940.73
25/12/2007;1930.81
26/12/2007;1918.55
27/12/2007;1904.36
28/12/2007;1903.76
09/01/2008;1897.11
10/01/2008;1909.95
11/01/2008;1910.83
14/01/2008;1910.94
15/01/2008;1931.54
16/01/2008;1915.53
17/01/2008;1841.27
18/01/2008;1795.85
21/01/2008;1764.28
22/01/2008;1589.58
23/01/2008;1668.82
24/01/2008;1628.27
25/01/2008;1683.55
28/01/2008;1692.34
29/01/2008;1655.21
30/01/2008;1669.62
31/01/2008;1636.53
01/02/2008;1581.55
04/02/2008;1648.37
05/02/2008;1676.58
06/02/2008;1602.89
07/02/2008;1630.14
08/02/2008;1591.32
11/02/2008;1569.4
12/02/2008;1618.61
13/02/2008;1665.33
14/02/2008;1694.42
15/02/2008;1684.26
18/02/2008;1662.89
19/02/2008;1699.22
20/02/2008;1694.51
21/02/2008;1684.64
22/02/2008;1710.02
26/02/2008;1741.77
27/02/2008;1738.26
28/02/2008;1710.67
29/02/2008;1687.69
03/03/2008;1641.38
04/03/2008;1645.96
05/03/2008;1636.87
06/03/2008;1663.49
07/03/2008;1632.91
11/03/2008;1618.27
12/03/2008;1689.15
13/03/2008;1672
14/03/2008;1654.03
17/03/2008;1627.65
18/03/2008;1586.74
19/03/2008;1625.57
20/03/2008;1581.25
21/03/2008;1569.24
24/03/2008;1577.59
25/03/2008;1622.83
26/03/2008;1595.61
27/03/2008;1593.82
28/03/2008;1617.45
31/03/2008;1624.07
01/04/2008;1627.8
02/04/2008;1647.98
03/04/2008;1653.04
04/04/2008;1631.41
07/04/2008;1635.47
08/04/2008;1671.24
09/04/2008;1655.63
10/04/2008;1681.39
11/04/2008;1689.15
14/04/2008;1646.69
15/04/2008;1642.67
16/04/2008;1665.19
17/04/2008;1699.06
18/04/2008;1674.97
21/04/2008;1711.9
22/04/2008;1685.02
23/04/2008;1680.98
24/04/2008;1674.93
25/04/2008;1650.65
28/04/2008;1670.72
29/04/2008;1675.44
30/04/2008;1668.28
04/05/2008;1672.52
05/05/2008;1690.02
06/05/2008;1690.74
07/05/2008;1700.93
08/05/2008;1730.78
12/05/2008;1802.97
13/05/2008;1826.29
14/05/2008;1843.23
15/05/2008;1908.42
16/05/2008;1897.76
19/05/2008;1950.01
20/05/2008;1954.57
21/05/2008;1919.32
22/05/2008;1949.4
23/05/2008;1894.34
26/05/2008;1904.91
27/05/2008;1898.91
28/05/2008;1850.75
29/05/2008;1879.52
30/05/2008;1906.85
02/06/2008;1927.5
03/06/2008;1915.35
04/06/2008;1891.48
05/06/2008;1834.06
06/06/2008;1864.54
07/06/2008;1844.77
09/06/2008;1812.33
10/06/2008;1822.81
11/06/2008;1812.34
16/06/2008;1833.3
17/06/2008;1832.27
18/06/2008;1855.51
19/06/2008;1850.19
20/06/2008;1848.11
23/06/2008;1825.14
24/06/2008;1801.07
25/06/2008;1762.47
26/06/2008;1768.66
27/06/2008;1746.56
30/06/2008;1766.31
01/07/2008;1753.68
02/07/2008;1699.84
03/07/2008;1703.51
04/07/2008;1697.37
07/07/2008;1685.11
08/07/2008;1663.91
09/07/2008;1668.62
10/07/2008;1654.89
11/07/2008;1663.97
14/07/2008;1630.8
15/07/2008;1651.34
16/07/2008;1627.99
17/07/2008;1653.89
18/07/2008;1674.86
21/07/2008;1623.06
22/07/2008;1627.53
23/07/2008;1616.2
24/07/2008;1601.84
25/07/2008;1550
28/07/2008;1492.68
29/07/2008;1440.4
30/07/2008;1462.63
31/07/2008;1508.93
01/08/2008;1501.15
04/08/2008;1490.72
05/08/2008;1439.78
06/08/2008;1412.06
07/08/2008;1408.92
08/08/2008;1426.07
11/08/2008;1357.43
12/08/2008;1407.86
13/08/2008;1442.61
14/08/2008;1431.92
15/08/2008;1448.29
18/08/2008;1462.44
19/08/2008;1443.92
20/08/2008;1361.62
21/08/2008;1386.83
22/08/2008;1404.16
25/08/2008;1382.4
26/08/2008;1308.94
27/08/2008;1321.66
28/08/2008;1313.58
29/08/2008;1357.23
01/09/2008;1338.73
02/09/2008;1363.21
03/09/2008;1361.05
04/09/2008;1324.21
05/09/2008;1280.13
08/09/2008;1265.5
09/09/2008;1268.33
10/09/2008;1129.05
11/09/2008;1115.15
12/09/2008;1084.03
15/09/2008;1132.9
16/09/2008;1043.15
17/09/2008;900.77
19/09/2008;908.2
22/09/2008;1124.15
23/09/2008;1099.43
24/09/2008;1071.24
25/09/2008;1100.59
26/09/2008;1093.78
29/09/2008;1079.21
30/09/2008;1008.77
01/10/2008;1049.67
02/10/2008;1015.14
03/10/2008;970.73
06/10/2008;897.26
07/10/2008;756.9
08/10/2008;700.8
09/10/2008;646.47
13/10/2008;712.33
14/10/2008;689.92
15/10/2008;753.52
16/10/2008;688.61
17/10/2008;657.54
20/10/2008;611.69
21/10/2008;629.44
22/10/2008;636.33
23/10/2008;622.66
24/10/2008;589.79
28/10/2008;515.81
29/10/2008;555.57
30/10/2008;623.72
31/10/2008;722.14
01/11/2008;741.64
05/11/2008;789.26
06/11/2008;748.75
07/11/2008;694.04
10/11/2008;725.94
11/11/2008;731.72
13/11/2008;621.94
14/11/2008;623.54
17/11/2008;592.02
18/11/2008;560.79
19/11/2008;579.55
20/11/2008;531.65
21/11/2008;536.31
24/11/2008;517.69
25/11/2008;605.75
26/11/2008;596.04
27/11/2008;598.57
28/11/2008;619.42
01/12/2008;610.35
02/12/2008;566.69
03/12/2008;579.92
04/12/2008;567.11
05/12/2008;565.7
08/12/2008;570.39
09/12/2008;618.07
10/12/2008;611.15
11/12/2008;618.26
12/12/2008;620.57
15/12/2008;631.04
16/12/2008;640.95
17/12/2008;652.28
18/12/2008;642.42
19/12/2008;606.42
22/12/2008;612.15
23/12/2008;629.82
24/12/2008;662.04
25/12/2008;645.17
26/12/2008;631.25
29/12/2008;611.87
30/12/2008;613.84
31/12/2008;619.46
11/01/2009;632.5
12/01/2009;639.05
13/01/2009;650.17
14/01/2009;657.86
15/01/2009;606.28
16/01/2009;615.17
19/01/2009;611.53
20/01/2009;586.09
21/01/2009;564.94
22/01/2009;584.42
23/01/2009;557.43
26/01/2009;554.34
27/01/2009;614.62
28/01/2009;606.78
29/01/2009;622.93
30/01/2009;617.15
02/02/2009;624.86
03/02/2009;627.84
04/02/2009;628.08
05/02/2009;628.31
06/02/2009;627.98
09/02/2009;656.31
10/02/2009;698.65
11/02/2009;722.23
12/02/2009;726.95
13/02/2009;698.22
16/02/2009;732.17
17/02/2009;709.34
18/02/2009;643.52
19/02/2009;630.13
20/02/2009;641.81
24/02/2009;624.07
25/02/2009;634.6
26/02/2009;639.97
27/02/2009;670.91
02/03/2009;658.92
03/03/2009;644.5
04/03/2009;659.88
05/03/2009;688.29
06/03/2009;667.72
10/03/2009;690.5
11/03/2009;752.6
12/03/2009;736.05
13/03/2009;746.5
16/03/2009;746.34
17/03/2009;764.73
18/03/2009;779.18
19/03/2009;756.57
20/03/2009;784.41
23/03/2009;803.73
24/03/2009;860.74
25/03/2009;815.11
26/03/2009;860.39
27/03/2009;850.79
30/03/2009;808.16
31/03/2009;764.2
01/04/2009;773.45
02/04/2009;807.58
03/04/2009;838.03
06/04/2009;844.93
07/04/2009;836.32
08/04/2009;840.18
09/04/2009;883.23
10/04/2009;929.54
13/04/2009;925.38
14/04/2009;905.79
15/04/2009;912.73
16/04/2009;912.16
17/04/2009;917.11
20/04/2009;934.67
21/04/2009;880.51
22/04/2009;881.94
23/04/2009;905.18
24/04/2009;928.18
27/04/2009;917.38
28/04/2009;897.63
29/04/2009;889.01
30/04/2009;927.01
04/05/2009;926.63
05/05/2009;957.87
06/05/2009;955.92
07/05/2009;989.5
08/05/2009;1018.92
12/05/2009;1019.71
13/05/2009;1071.01
14/05/2009;1007.84
15/05/2009;1005.49
18/05/2009;997.29
19/05/2009;1019.66
20/05/2009;1043.47
21/05/2009;1092.1
22/05/2009;1035.97
25/05/2009;1055.08
26/05/2009;1050.11
27/05/2009;1044.94
28/05/2009;1057.06
29/05/2009;1084.68
01/06/2009;1123.82
02/06/2009;1208.23
03/06/2009;1201.12
04/06/2009;1108.86
05/06/2009;1133.66
08/06/2009;1135.16
09/06/2009;1120.33
10/06/2009;1113.83
11/06/2009;1133.69
15/06/2009;1138.52
16/06/2009;1078.1
17/06/2009;1099.42
18/06/2009;1039.43
19/06/2009;1020.95
22/06/2009;1017.29
23/06/2009;937.98
24/06/2009;917.3
25/06/2009;984.86
26/06/2009;961.15
29/06/2009;960.16
30/06/2009;998.77
01/07/2009;978.27
02/07/2009;1003.79
03/07/2009;975.99
06/07/2009;969.96
07/07/2009;928.2
08/07/2009;916.76
09/07/2009;904.58
10/07/2009;897.47
13/07/2009;871.33
14/07/2009;881.15
15/07/2009;891.41
16/07/2009;941.21
17/07/2009;938.73
20/07/2009;966.18
21/07/2009;985.81
22/07/2009;1002.88
23/07/2009;980.71
24/07/2009;1031.37
27/07/2009;1035.5
28/07/2009;1036.27
29/07/2009;1002.27
30/07/2009;986.8
31/07/2009;1046.46
03/08/2009;1053.3
04/08/2009;1098.95
05/08/2009;1102.1
06/08/2009;1091.17
07/08/2009;1092
10/08/2009;1115.41
11/08/2009;1101.19
12/08/2009;1069.31
13/08/2009;1086.41
14/08/2009;1100.57
17/08/2009;1072.74
18/08/2009;1035.4
19/08/2009;1035.45
20/08/2009;1034.08
21/08/2009;1062.87
24/08/2009;1106.05
25/08/2009;1120.54
26/08/2009;1115.85
27/08/2009;1099.77
28/08/2009;1080.05
31/08/2009;1111.33
01/09/2009;1091.98
02/09/2009;1104.98
03/09/2009;1076.69
04/09/2009;1093.72
07/09/2009;1094.44
08/09/2009;1111.92
09/09/2009;1149.81
10/09/2009;1159.95
11/09/2009;1154.12
14/09/2009;1175.15
15/09/2009;1174.95
16/09/2009;1203.97
17/09/2009;1217.67
18/09/2009;1205.12
21/09/2009;1208.35
22/09/2009;1165.11
23/09/2009;1202.92
24/09/2009;1198.83
25/09/2009;1177.28
28/09/2009;1187.86
29/09/2009;1208.19
30/09/2009;1212.75
01/10/2009;1197.2
02/10/2009;1211.44
05/10/2009;1175.83
06/10/2009;1178.17
07/10/2009;1220.45
08/10/2009;1226.17
09/10/2009;1278.53
12/10/2009;1308.14
13/10/2009;1357.44
14/10/2009;1320.7
15/10/2009;1362.86
16/10/2009;1341.64
19/10/2009;1317.07
20/10/2009;1365.24
21/10/2009;1361.75
22/10/2009;1373.2
23/10/2009;1359.06
26/10/2009;1365.09
27/10/2009;1358.31
28/10/2009;1333.32
29/10/2009;1253.35
30/10/2009;1291.99
02/11/2009;1234.5
03/11/2009;1266.3
05/11/2009;1218.42
06/11/2009;1258.5
09/11/2009;1241.92
10/11/2009;1304.62
11/11/2009;1322.8
12/11/2009;1316.02
13/11/2009;1312.13
16/11/2009;1313.73
17/11/2009;1362.15
18/11/2009;1355.47
19/11/2009;1369
20/11/2009;1340.7
23/11/2009;1339.67
24/11/2009;1352.18
25/11/2009;1334.69
26/11/2009;1303.96
27/11/2009;1252.58
30/11/2009;1290.87
01/12/2009;1291.68
02/12/2009;1318.41
03/12/2009;1327.51
04/12/2009;1307.93
07/12/2009;1339.55
08/12/2009;1318.18
09/12/2009;1306.93
10/12/2009;1298.37
11/12/2009;1309.38
14/12/2009;1305.82
15/12/2009;1318.81
16/12/2009;1329.95
17/12/2009;1381
18/12/2009;1363.97
21/12/2009;1373.24
22/12/2009;1377.02
23/12/2009;1371.25
24/12/2009;1367.63
25/12/2009;1351.15
28/12/2009;1359.07
29/12/2009;1361.34
30/12/2009;1366.77
31/12/2009;1361.96
11/01/2010;1411.37
12/01/2010;1444.78
13/01/2010;1417.8
14/01/2010;1439.55
15/01/2010;1451.43
18/01/2010;1451.17
19/01/2010;1478.82
20/01/2010;1482.5
21/01/2010;1467.08
22/01/2010;1431.1
25/01/2010;1406.31
26/01/2010;1404.2
27/01/2010;1381.67
28/01/2010;1396.51
29/01/2010;1405.33
01/02/2010;1418.82
02/02/2010;1418
03/02/2010;1441.21
04/02/2010;1431.56
05/02/2010;1386.22
08/02/2010;1355.95
09/02/2010;1331.97
10/02/2010;1338.86
11/02/2010;1334.52
12/02/2010;1329.84
15/02/2010;1304.88
16/02/2010;1326.94
17/02/2010;1362.65
18/02/2010;1352.73
19/02/2010;1328.99
24/02/2010;1350.52
25/02/2010;1331.6
26/02/2010;1315.46
27/02/2010;1325.13
01/03/2010;1338.29
02/03/2010;1354.52
03/03/2010;1366.75
04/03/2010;1377.78
05/03/2010;1387.97
09/03/2010;1412.78
10/03/2010;1410.74
11/03/2010;1401.19
12/03/2010;1400.53
15/03/2010;1412.29
16/03/2010;1403.97
17/03/2010;1425.51
18/03/2010;1432.29
19/03/2010;1433.85
22/03/2010;1420.82
23/03/2010;1419.29
24/03/2010;1412.02
25/03/2010;1403.3
26/03/2010;1405.79
29/03/2010;1415.14
30/03/2010;1441.32
31/03/2010;1443.54
01/04/2010;1454.83
02/04/2010;1483.14
05/04/2010;1480.6
06/04/2010;1486.13
07/04/2010;1499.75
08/04/2010;1476.15
09/04/2010;1482.46
12/04/2010;1500.56
13/04/2010;1500.58
14/04/2010;1501.34
15/04/2010;1532.01
16/04/2010;1529.13
19/04/2010;1478.61
20/04/2010;1465.98
21/04/2010;1478.02
22/04/2010;1464.25
23/04/2010;1445.48
26/04/2010;1475.69
27/04/2010;1483.66
28/04/2010;1451.21
29/04/2010;1435.72
30/04/2010;1455.82
04/05/2010;1437.87
05/05/2010;1390.16
06/05/2010;1376.73
07/05/2010;1363.2
11/05/2010;1305.83
12/05/2010;1326.28
13/05/2010;1392.18
14/05/2010;1369.97
17/05/2010;1333.5
18/05/2010;1362.19
19/05/2010;1342.73
20/05/2010;1322.78
21/05/2010;1267.84
24/05/2010;1271.39
25/05/2010;1234.05
26/05/2010;1216.88
27/05/2010;1265.88
28/05/2010;1309.99
31/05/2010;1310.46
01/06/2010;1325.3
02/06/2010;1312.36
03/06/2010;1358.88
04/06/2010;1352.25
07/06/2010;1303.79
08/06/2010;1329.44
09/06/2010;1310.83
10/06/2010;1316.97
11/06/2010;1342.62
15/06/2010;1339.05
16/06/2010;1379.64
17/06/2010;1366.79
18/06/2010;1360.28
21/06/2010;1388.2
22/06/2010;1395.68
23/06/2010;1382.24
24/06/2010;1385.19
25/06/2010;1362.99
28/06/2010;1351.11
29/06/2010;1353.93
30/06/2010;1322.73
01/07/2010;1295.38
02/07/2010;1257.87
05/07/2010;1285.04
06/07/2010;1295.91
07/07/2010;1317.02
08/07/2010;1342.27
09/07/2010;1326.52
12/07/2010;1322.27
13/07/2010;1343.26
14/07/2010;1373.67
15/07/2010;1360.13
16/07/2010;1343.66
19/07/2010;1325.41
20/07/2010;1342.2
21/07/2010;1334.59
22/07/2010;1347.12
23/07/2010;1383.38
26/07/2010;1386.22
27/07/2010;1396.71
28/07/2010;1404.41
29/07/2010;1398.94
30/07/2010;1411.98
02/08/2010;1407.98
03/08/2010;1433.07
04/08/2010;1408.67
05/08/2010;1419.88
06/08/2010;1419.01
09/08/2010;1407.41
10/08/2010;1414.44
11/08/2010;1388.32
12/08/2010;1373.4
13/08/2010;1382.29
16/08/2010;1373.87
17/08/2010;1377.18
18/08/2010;1390.61
19/08/2010;1391.54
20/08/2010;1374.73
23/08/2010;1368.03
24/08/2010;1360.41
25/08/2010;1339.09
26/08/2010;1343.92
27/08/2010;1353.19
30/08/2010;1376.04
31/08/2010;1357.61
01/09/2010;1370.08
02/09/2010;1394.19
03/09/2010;1402.37
06/09/2010;1413.58
07/09/2010;1404.17
08/09/2010;1395.93
09/09/2010;1422.97
10/09/2010;1435.51
13/09/2010;1445.28
14/09/2010;1438.85
15/09/2010;1432.04
16/09/2010;1432.64
17/09/2010;1437.71
20/09/2010;1420.16
21/09/2010;1428.42
22/09/2010;1433.52
23/09/2010;1432.58
24/09/2010;1427.97
27/09/2010;1440.59
28/09/2010;1418.6
29/09/2010;1414.21
30/09/2010;1418.37
01/10/2010;1439.73
04/10/2010;1459.19
05/10/2010;1464.47
06/10/2010;1480.91
07/10/2010;1476.96
08/10/2010;1466
11/10/2010;1465.42
12/10/2010;1473.38
13/10/2010;1481.72
14/10/2010;1498.95
15/10/2010;1487.52
18/10/2010;1485.11
19/10/2010;1501.15
20/10/2010;1485.95
21/10/2010;1494.36
22/10/2010;1526.18
25/10/2010;1528.99
26/10/2010;1526.73
27/10/2010;1522.98
28/10/2010;1507.26
29/10/2010;1504.86
01/11/2010;1529.19
02/11/2010;1533.91
03/11/2010;1537.63
08/11/2010;1564.79
09/11/2010;1567.29
10/11/2010;1588.57
11/11/2010;1581.28
12/11/2010;1545.88
13/11/2010;1545.9
15/11/2010;1544.04
16/11/2010;1547.67
17/11/2010;1522.59
18/11/2010;1540.11
19/11/2010;1548.97
22/11/2010;1562.11
23/11/2010;1544.89
24/11/2010;1540.12
25/11/2010;1562.66
26/11/2010;1568.19
29/11/2010;1570.91
30/11/2010;1557.33
01/12/2010;1570.2
02/12/2010;1608.37
03/12/2010;1632.37
06/12/2010;1651.45
07/12/2010;1675.08
08/12/2010;1667.98
09/12/2010;1658.14
10/12/2010;1660.17
13/12/2010;1662.73
14/12/2010;1660.16
15/12/2010;1662.72
16/12/2010;1666.44
17/12/2010;1664.33
20/12/2010;1666.28
21/12/2010;1669.38
22/12/2010;1675.66
23/12/2010;1683.53
24/12/2010;1686.14
27/12/2010;1675.33
28/12/2010;1665.35
29/12/2010;1665.96
30/12/2010;1677.68
11/01/2011;1687.79
12/01/2011;1714.61
13/01/2011;1759.67
14/01/2011;1746.83
17/01/2011;1749.13
18/01/2011;1773.45
19/01/2011;1771.53
20/01/2011;1742.78
21/01/2011;1736.06
24/01/2011;1749.76
25/01/2011;1724.2
26/01/2011;1720.12
27/01/2011;1750.82
28/01/2011;1747.85
31/01/2011;1727.11
01/02/2011;1731.8
02/02/2011;1759.51
03/02/2011;1768.13
04/02/2011;1754.94
07/02/2011;1770.86
08/02/2011;1765.13
09/02/2011;1734.75
10/02/2011;1721.72
11/02/2011;1676.85
14/02/2011;1721.89
15/02/2011;1708.21
16/02/2011;1699.39
17/02/2011;1711.69
18/02/2011;1695.3
21/02/2011;1690.33
22/02/2011;1707.35
24/02/2011;1701.5
25/02/2011;1720.27
28/02/2011;1749.8
01/03/2011;1782.31
02/03/2011;1754.97
03/03/2011;1772.91
04/03/2011;1775.9
05/03/2011;1765.26
09/03/2011;1781.09
10/03/2011;1774.46
11/03/2011;1724.26
14/03/2011;1716.37
15/03/2011;1705.75
16/03/2011;1711.58
17/03/2011;1707.15
18/03/2011;1748.88
21/03/2011;1756.14
22/03/2011;1752.74
23/03/2011;1740.08
24/03/2011;1772.75
25/03/2011;1796.11
28/03/2011;1805.5
29/03/2011;1809.08
30/03/2011;1795.19
31/03/2011;1816.29
01/04/2011;1813.63
04/04/2011;1846.81
05/04/2011;1855.01
06/04/2011;1849.07
07/04/2011;1854.41
08/04/2011;1853.13
11/04/2011;1856.83
12/04/2011;1827.16
13/04/2011;1802.61
14/04/2011;1806.57
15/04/2011;1779.77
18/04/2011;1778.43
19/04/2011;1720.65
20/04/2011;1764.95
21/04/2011;1794.27
22/04/2011;1782.92
25/04/2011;1797.36
26/04/2011;1764.28
27/04/2011;1772.58
28/04/2011;1761.67
29/04/2011;1747.22
03/05/2011;1740.41
04/05/2011;1689.07
05/05/2011;1664.02
06/05/2011;1635.15
10/05/2011;1669.85
11/05/2011;1680.46
12/05/2011;1643.78
13/05/2011;1637.4
16/05/2011;1619.53
17/05/2011;1621.93
18/05/2011;1620.47
19/05/2011;1629.62
20/05/2011;1631.61
23/05/2011;1595.46
24/05/2011;1578.66
25/05/2011;1580.81
26/05/2011;1621.64
27/05/2011;1609.99
30/05/2011;1637.14
31/05/2011;1652.01
01/06/2011;1664.6
02/06/2011;1639.39
03/06/2011;1658.38
06/06/2011;1632.93
07/06/2011;1631.43
08/06/2011;1659.74
09/06/2011;1668.2
10/06/2011;1690.94
14/06/2011;1687.76
15/06/2011;1682.02
16/06/2011;1666
17/06/2011;1666.64
20/06/2011;1638.66
21/06/2011;1633.13
22/06/2011;1637.1
23/06/2011;1631.72
24/06/2011;1619.72
27/06/2011;1628.52
28/06/2011;1629.55
29/06/2011;1654.65
30/06/2011;1662.35
01/07/2011;1666.45
04/07/2011;1703.22
05/07/2011;1703.67
06/07/2011;1711.93
07/07/2011;1710.37
08/07/2011;1739.45
11/07/2011;1720.64
12/07/2011;1694.35
13/07/2011;1707.77
14/07/2011;1706.75
15/07/2011;1710.69
18/07/2011;1713.15
19/07/2011;1690.11
20/07/2011;1706.79
21/07/2011;1703.29
22/07/2011;1731.35
25/07/2011;1718.5
26/07/2011;1727.2
27/07/2011;1720.89
28/07/2011;1703.49
29/07/2011;1711.02
01/08/2011;1720.75
02/08/2011;1722.61
03/08/2011;1698.62
04/08/2011;1656.11
05/08/2011;1617.83
08/08/2011;1556.23
09/08/2011;1484.25
10/08/2011;1509.64
11/08/2011;1449.15
12/08/2011;1446.3
15/08/2011;1471.03
16/08/2011;1499.81
17/08/2011;1481.72
18/08/2011;1508.39
19/08/2011;1440.93
22/08/2011;1436.91
23/08/2011;1444.65
24/08/2011;1448.62
25/08/2011;1462.95
26/08/2011;1446.83
29/08/2011;1473.62
30/08/2011;1514.36
31/08/2011;1521.12
01/09/2011;1545.23
02/09/2011;1540.88
05/09/2011;1504.77
06/09/2011;1488.78
07/09/2011;1502.49
08/09/2011;1548.12
09/09/2011;1554.23
12/09/2011;1505.82
13/09/2011;1502.44
14/09/2011;1493.92
15/09/2011;1508.39
16/09/2011;1528
19/09/2011;1504.44
20/09/2011;1493.06
21/09/2011;1517.87
22/09/2011;1490.93
23/09/2011;1384.57
26/09/2011;1314.36
27/09/2011;1369.01
28/09/2011;1368.12
29/09/2011;1371.27
30/09/2011;1405.72
03/10/2011;1364.93
04/10/2011;1334.47
05/10/2011;1276.49
06/10/2011;1269.31
07/10/2011;1321.87
10/10/2011;1356.03
11/10/2011;1382.3
12/10/2011;1362.47
13/10/2011;1395.73
14/10/2011;1393.14
17/10/2011;1436.95
18/10/2011;1402.2
19/10/2011;1429.26
20/10/2011;1412.98
21/10/2011;1421.13
24/10/2011;1450.06
25/10/2011;1481.94
26/10/2011;1461.57
27/10/2011;1503.12
28/10/2011;1527.42
31/10/2011;1520.53
01/11/2011;1490.22
02/11/2011;1459.3
03/11/2011;1476.53
07/11/2011;1503.16
08/11/2011;1520.96
09/11/2011;1524.58
10/11/2011;1461.35
11/11/2011;1494.93
14/11/2011;1492.25
15/11/2011;1483.66
16/11/2011;1485.05
17/11/2011;1482.19
18/11/2011;1463.47
21/11/2011;1454.87
22/11/2011;1392
23/11/2011;1392.67
24/11/2011;1403.57
25/11/2011;1390.67
28/11/2011;1421.27
29/11/2011;1471.1
30/11/2011;1453.57
01/12/2011;1505.15
02/12/2011;1507.37
05/12/2011;1506.78
06/12/2011;1513.52
07/12/2011;1464.09
08/12/2011;1450.2
09/12/2011;1439.73
12/12/2011;1400.98
13/12/2011;1348.61
14/12/2011;1373.86
15/12/2011;1366.03
16/12/2011;1397.46
19/12/2011;1381.71
20/12/2011;1379.58
21/12/2011;1414.59
22/12/2011;1390.5
23/12/2011;1385.68
26/12/2011;1380.58
27/12/2011;1389.24
28/12/2011;1385.36
29/12/2011;1378.46
30/12/2011;1388.49
03/01/2012;1408.08
04/01/2012;1444.79
05/01/2012;1449.07
06/01/2012;1436.9
09/01/2012;1438.63
10/01/2012;1448.21
11/01/2012;1473.37
12/01/2012;1468.72
13/01/2012;1464.22
16/01/2012;1455.04
17/01/2012;1471.5
18/01/2012;1485.6
19/01/2012;1497.68
20/01/2012;1506.14
23/01/2012;1489.99
24/01/2012;1495.25
25/01/2012;1492.82
26/01/2012;1504.93
27/01/2012;1510.14
30/01/2012;1507.3
31/01/2012;1501.39
01/02/2012;1510.3
02/02/2012;1544.24
03/02/2012;1541.3
06/02/2012;1567.61
07/02/2012;1563.57
08/02/2012;1555.84
09/02/2012;1554.71
10/02/2012;1540.24
13/02/2012;1525.96
14/02/2012;1558.1
15/02/2012;1565.46
16/02/2012;1571.4
17/02/2012;1580.41
20/02/2012;1573.43
21/02/2012;1577.02
22/02/2012;1560.44
24/02/2012;1544.46
27/02/2012;1591.76
28/02/2012;1597.05
29/02/2012;1579.68
01/03/2012;1590.46
02/03/2012;1599.25
05/03/2012;1611.9
06/03/2012;1622.42
07/03/2012;1553.92
11/03/2012;1582.33
12/03/2012;1595.96
13/03/2012;1607.96
14/03/2012;1621.26
15/03/2012;1627.42
16/03/2012;1625.48
19/03/2012;1617.31
20/03/2012;1588.3
21/03/2012;1561.33
22/03/2012;1552.74
23/03/2012;1532.44
26/03/2012;1544.46
27/03/2012;1569.9
28/03/2012;1553.51
29/03/2012;1516.51
30/03/2012;1503.99
02/04/2012;1522.89
03/04/2012;1528.53
04/04/2012;1540.76
05/04/2012;1514.47
06/04/2012;1526.16
09/04/2012;1498.15
10/04/2012;1509.83
11/04/2012;1487.66
12/04/2012;1509.71
13/04/2012;1500.31
16/04/2012;1496.72
17/04/2012;1477.79
18/04/2012;1480.08
19/04/2012;1470.45
20/04/2012;1491.41
23/04/2012;1503.27
24/04/2012;1468.85
25/04/2012;1457.87
26/04/2012;1465.52
27/04/2012;1446.19
28/04/2012;1469.29
02/05/2012;1476.45
03/05/2012;1447.87
04/05/2012;1438.84
05/05/2012;1390.05
07/05/2012;1361.5
08/05/2012;1388.99
10/05/2012;1384.76
11/05/2012;1396.08
12/05/2012;1382.16
14/05/2012;1386.39
15/05/2012;1333.91
16/05/2012;1333.27
17/05/2012;1333.38
18/05/2012;1268.7
21/05/2012;1276.17
22/05/2012;1303.04
23/05/2012;1288.87
24/05/2012;1262.78
25/05/2012;1278.47
28/05/2012;1289.64
29/05/2012;1295.78
30/05/2012;1321.44
31/05/2012;1311.81
01/06/2012;1312.12
04/06/2012;1288.69
05/06/2012;1314.11
06/06/2012;1300.75
07/06/2012;1316.64
08/06/2012;1325.52
09/06/2012;1336.25
13/06/2012;1339.18
14/06/2012;1343.59
15/06/2012;1349.36
18/06/2012;1376.02
19/06/2012;1386.23
20/06/2012;1390.66
21/06/2012;1370.77
22/06/2012;1353.32
25/06/2012;1348.43
26/06/2012;1331.08
27/06/2012;1344.79
28/06/2012;1367.67
29/06/2012;1353.81
02/07/2012;1386.9
03/07/2012;1406.66
04/07/2012;1437.14
05/07/2012;1442.28
06/07/2012;1433.66
09/07/2012;1414.36
10/07/2012;1412.59
11/07/2012;1417.26
12/07/2012;1405.18
13/07/2012;1399.83
16/07/2012;1417.27
17/07/2012;1423.73
18/07/2012;1432.15
19/07/2012;1430.67
20/07/2012;1430.83
23/07/2012;1409.06
24/07/2012;1378.61
25/07/2012;1360.28
26/07/2012;1370.72
27/07/2012;1388.08
30/07/2012;1412.38
31/07/2012;1429.66
01/08/2012;1405.66
02/08/2012;1409.58
03/08/2012;1395.46
06/08/2012;1422.46
07/08/2012;1436.21
08/08/2012;1448.02
09/08/2012;1450.93
10/08/2012;1452.36
13/08/2012;1445.08
14/08/2012;1452.9
15/08/2012;1458.78
16/08/2012;1452.24
17/08/2012;1454.86
20/08/2012;1448
21/08/2012;1429.37
22/08/2012;1445.14
23/08/2012;1451.66
24/08/2012;1445.49
27/08/2012;1456.38
28/08/2012;1446.6
29/08/2012;1451.25
30/08/2012;1437.76
31/08/2012;1430.58
03/09/2012;1422.84
04/09/2012;1440.29
05/09/2012;1436.64
06/09/2012;1423.05
07/09/2012;1457.3
10/09/2012;1473.76
11/09/2012;1473.75
12/09/2012;1477.76
13/09/2012;1478.75
14/09/2012;1494.06
17/09/2012;1529.96
18/09/2012;1524.38
19/09/2012;1513.89
20/09/2012;1497.43
21/09/2012;1503.72
24/09/2012;1491.77
25/09/2012;1492.71
26/09/2012;1474.56
27/09/2012;1452.66
28/09/2012;1460.97
01/10/2012;1458.85
02/10/2012;1486.72
03/10/2012;1482.51
04/10/2012;1471.63
05/10/2012;1462.77
08/10/2012;1475.43
09/10/2012;1474.92
10/10/2012;1470.29
11/10/2012;1458.17
12/10/2012;1462.4
15/10/2012;1446.54
16/10/2012;1447.43
17/10/2012;1456.79
18/10/2012;1474.69
19/10/2012;1474.35
22/10/2012;1456.72
23/10/2012;1472.33
24/10/2012;1456.15
25/10/2012;1452.09
26/10/2012;1442.16
29/10/2012;1434.46
30/10/2012;1430.01
31/10/2012;1421.57
01/11/2012;1423.52
02/11/2012;1434.39
06/11/2012;1438.79
07/11/2012;1447.64
08/11/2012;1413.5
09/11/2012;1403.47
12/11/2012;1404.62
13/11/2012;1406.73
14/11/2012;1379.69
15/11/2012;1371.11
16/11/2012;1383.87
19/11/2012;1386.97
20/11/2012;1399.82
21/11/2012;1393.27
22/11/2012;1405.65
23/11/2012;1404.36
26/11/2012;1416.8
27/11/2012;1405.74
28/11/2012;1394.04
29/11/2012;1387.77
30/11/2012;1389.58
03/12/2012;1405.96
04/12/2012;1416.7
05/12/2012;1412.85
06/12/2012;1438.46
07/12/2012;1438.45
10/12/2012;1441.9
11/12/2012;1447.79
12/12/2012;1450.7
13/12/2012;1470.98
14/12/2012;1461.99
17/12/2012;1465.88
18/12/2012;1473.36
19/12/2012;1485.09
20/12/2012;1473.18
21/12/2012;1480.81
24/12/2012;1479.56
25/12/2012;1472.66
26/12/2012;1473.98
27/12/2012;1477.23
28/12/2012;1473.92
08/01/2013;1492.76
09/01/2013;1512.37
10/01/2013;1516.18
11/01/2013;1504.6
14/01/2013;1512.61
15/01/2013;1527.46
16/01/2013;1516.06
17/01/2013;1515.18
18/01/2013;1525.85
21/01/2013;1540.16
22/01/2013;1538.78
23/01/2013;1527.28
24/01/2013;1535.01
25/01/2013;1532.77
28/01/2013;1545.64
29/01/2013;1563.35
30/01/2013;1553.29
31/01/2013;1541.26
01/02/2013;1547.34
04/02/2013;1549.64
05/02/2013;1533.27
06/02/2013;1543.34
07/02/2013;1529.41
08/02/2013;1523.85
11/02/2013;1521.22
12/02/2013;1514.94
13/02/2013;1515.2
14/02/2013;1536.61
15/02/2013;1519.81
18/02/2013;1508.41
19/02/2013;1510.72
20/02/2013;1522.33
21/02/2013;1499.94
22/02/2013;1494.85
25/02/2013;1497.9
26/02/2013;1493.47
27/02/2013;1487.36
28/02/2013;1489.77
01/03/2013;1484.26
04/03/2013;1471.17
05/03/2013;1469.59
06/03/2013;1487.08
07/03/2013;1490.98
11/03/2013;1495.97
12/03/2013;1505.29
13/03/2013;1499.44
14/03/2013;1496.38
15/03/2013;1503.28
18/03/2013;1488.25
19/03/2013;1464.39
20/03/2013;1445.45
21/03/2013;1462.03
22/03/2013;1454.94
25/03/2013;1446.14
26/03/2013;1428.77
27/03/2013;1420.68
28/03/2013;1423.29
29/03/2013;1436.08
01/04/2013;1436.36
02/04/2013;1428.5
03/04/2013;1428.54
04/04/2013;1420.16
05/04/2013;1426.44
08/04/2013;1419.63
09/04/2013;1412.09
10/04/2013;1427.19
11/04/2013;1427.55
12/04/2013;1393.54
15/04/2013;1381.54
16/04/2013;1353.38
17/04/2013;1354.68
18/04/2013;1335.89
19/04/2013;1340.05
22/04/2013;1340.85
23/04/2013;1333.55
24/04/2013;1341.28
25/04/2013;1378.07
26/04/2013;1369.35
29/04/2013;1372.24
30/04/2013;1364.3
02/05/2013;1380
03/05/2013;1381.07
06/05/2013;1410.01
07/05/2013;1409.28
08/05/2013;1430.1
10/05/2013;1429.16
13/05/2013;1426.72
14/05/2013;1407.77
15/05/2013;1406.15
16/05/2013;1395.05
17/05/2013;1374.2
20/05/2013;1404.57
21/05/2013;1406.45
22/05/2013;1423.83
23/05/2013;1441.55
24/05/2013;1399.35
27/05/2013;1385.88
28/05/2013;1381.2
29/05/2013;1393.89
30/05/2013;1359.73
31/05/2013;1362.54
03/06/2013;1342.29
04/06/2013;1341.23
05/06/2013;1338.83
06/06/2013;1324.7
07/06/2013;1323.6
10/06/2013;1347.05
11/06/2013;1337.73
13/06/2013;1289.88
14/06/2013;1290.43
17/06/2013;1300.95
18/06/2013;1323.47
19/06/2013;1334.85
20/06/2013;1312.17
21/06/2013;1294.01
24/06/2013;1291.72
25/06/2013;1291.06
26/06/2013;1299.8
27/06/2013;1323.45
28/06/2013;1315.43
01/07/2013;1330.1
02/07/2013;1335.81
03/07/2013;1334.18
04/07/2013;1335.46
05/07/2013;1352.16
08/07/2013;1342.9
09/07/2013;1351.16
10/07/2013;1346.16
11/07/2013;1341.63
12/07/2013;1368.32
15/07/2013;1398.44
16/07/2013;1403.76
17/07/2013;1408.68
18/07/2013;1431.99
19/07/2013;1415.26
22/07/2013;1424.31
23/07/2013;1419.13
24/07/2013;1419.26
25/07/2013;1404.61
26/07/2013;1405.49
29/07/2013;1401
30/07/2013;1401.35
31/07/2013;1388.15
01/08/2013;1381.39
02/08/2013;1404.51
05/08/2013;1392.04
06/08/2013;1388.68
07/08/2013;1361.88
08/08/2013;1366.93
09/08/2013;1366.09
12/08/2013;1383.85
13/08/2013;1390.95
14/08/2013;1408.97
15/08/2013;1421.17
16/08/2013;1389.23
19/08/2013;1380.08
20/08/2013;1375.91
21/08/2013;1377.97
22/08/2013;1371.86
23/08/2013;1399.12
26/08/2013;1401.66
27/08/2013;1381.03
28/08/2013;1371.25
29/08/2013;1371.53
30/08/2013;1372.38
02/09/2013;1373.12
03/09/2013;1368.52
04/09/2013;1371.99
05/09/2013;1373.62
06/09/2013;1421.5
09/09/2013;1421.45
10/09/2013;1451.61
11/09/2013;1453.31
12/09/2013;1454.12
13/09/2013;1451.37
16/09/2013;1440.93
17/09/2013;1471.99
18/09/2013;1470.11
19/09/2013;1475.11
20/09/2013;1485.15
23/09/2013;1477.85
24/09/2013;1467.95
25/09/2013;1465.78
26/09/2013;1478.04
27/09/2013;1483.7
30/09/2013;1472.49
01/10/2013;1463.13
02/10/2013;1472.25
03/10/2013;1456.97
04/10/2013;1456.49
07/10/2013;1472.96
08/10/2013;1480.63
09/10/2013;1501.54
10/10/2013;1501.06
11/10/2013;1518.76
14/10/2013;1511.6
15/10/2013;1510.58
16/10/2013;1525.69
17/10/2013;1533.8
18/10/2013;1513.33
21/10/2013;1538.14
22/10/2013;1535.27
23/10/2013;1526.4
24/10/2013;1506.1
25/10/2013;1501.94
28/10/2013;1505.39
29/10/2013;1511.51
30/10/2013;1517.79
31/10/2013;1514.06
01/11/2013;1509.62
05/11/2013;1515.15
06/11/2013;1507.74
07/11/2013;1501.89
08/11/2013;1507.77
11/11/2013;1489.32
12/11/2013;1481.29
13/11/2013;1500.41
14/11/2013;1467.23
15/11/2013;1491.1
18/11/2013;1493.79
19/11/2013;1511.73
20/11/2013;1511.19
21/11/2013;1506.62
22/11/2013;1494.07
25/11/2013;1504.21
26/11/2013;1502.41
27/11/2013;1484.58
28/11/2013;1475.27
29/11/2013;1484.02
02/12/2013;1479.35
03/12/2013;1473.56
04/12/2013;1448.43
05/12/2013;1439.36
06/12/2013;1428.71
09/12/2013;1448.67
10/12/2013;1465.7
11/12/2013;1465.93
12/12/2013;1462.53
13/12/2013;1449.74
16/12/2013;1450.2
17/12/2013;1472.76
18/12/2013;1480.58
19/12/2013;1490.86
20/12/2013;1500.69
23/12/2013;1496.35
24/12/2013;1507.85
25/12/2013;1508.19
26/12/2013;1501.12
27/12/2013;1501.83
30/12/2013;1494.53
06/01/2014;1503.39
08/01/2014;1463.75
09/01/2014;1462.67
10/01/2014;1464.95
13/01/2014;1469.39
14/01/2014;1477.28
15/01/2014;1471.06
16/01/2014;1485.77
17/01/2014;1480.43
20/01/2014;1484.85
21/01/2014;1495.94
22/01/2014;1503.6
23/01/2014;1498.73
24/01/2014;1491.6
27/01/2014;1490.21
28/01/2014;1478.93
29/01/2014;1473.52
30/01/2014;1463.65
31/01/2014;1462.6
03/02/2014;1456.68
04/02/2014;1435.51
05/02/2014;1442.58
06/02/2014;1456
07/02/2014;1470.42
10/02/2014;1479.32
11/02/2014;1477.26
12/02/2014;1487.59
13/02/2014;1493.48
14/02/2014;1483.2
17/02/2014;1499.44
18/02/2014;1507.78
19/02/2014;1503.76
20/02/2014;1478.98
21/02/2014;1484.22
24/02/2014;1486.7
25/02/2014;1491.24
26/02/2014;1480.31
27/02/2014;1470.35
28/02/2014;1449.38
03/03/2014;1410.98
04/03/2014;1292.43
05/03/2014;1357.67
06/03/2014;1352.37
07/03/2014;1335.7
11/03/2014;1334.96
12/03/2014;1304.18
13/03/2014;1279.79
14/03/2014;1236.4
17/03/2014;1237.52
18/03/2014;1290.44
19/03/2014;1334.87
20/03/2014;1314.73
21/03/2014;1315.34
24/03/2014;1306.16
25/03/2014;1298.42
26/03/2014;1328.38
27/03/2014;1346.29
28/03/2014;1333.93
31/03/2014;1343.81
01/04/2014;1370.36
02/04/2014;1375.23
03/04/2014;1374.77
04/04/2014;1369.75
07/04/2014;1377.33
08/04/2014;1349.79
09/04/2014;1352.67
10/04/2014;1351.2
11/04/2014;1355.25
14/04/2014;1358.8
15/04/2014;1343.9
16/04/2014;1311.03
17/04/2014;1322.34
18/04/2014;1348.52
21/04/2014;1356.41
22/04/2014;1345.02
23/04/2014;1335.05
24/04/2014;1331.11
25/04/2014;1298.01
28/04/2014;1276.08
29/04/2014;1303.19
30/04/2014;1305.86
02/05/2014;1301.9
05/05/2014;1300.57
06/05/2014;1301.07
07/05/2014;1316.74
08/05/2014;1366.13
12/05/2014;1373.44
13/05/2014;1375.7
14/05/2014;1386.3
15/05/2014;1389.4
16/05/2014;1380.42
19/05/2014;1393.03
20/05/2014;1417.16
21/05/2014;1425.83
22/05/2014;1442.26
23/05/2014;1428.8
26/05/2014;1440.38
27/05/2014;1449.57
28/05/2014;1418.14
29/05/2014;1427.8
30/05/2014;1448.11
02/06/2014;1434.73
03/06/2014;1461.21
04/06/2014;1470.67
05/06/2014;1475.48
06/06/2014;1471.46
09/06/2014;1485.31
10/06/2014;1485.24
11/06/2014;1490.8
16/06/2014;1487.55
17/06/2014;1494.07
18/06/2014;1486.45
19/06/2014;1503.5
20/06/2014;1492.24
23/06/2014;1489.67
24/06/2014;1488.67
25/06/2014;1516.4
26/06/2014;1484.91
27/06/2014;1474.27
30/06/2014;1477.29
01/07/2014;1476.29
02/07/2014;1483.03
03/07/2014;1514.37
04/07/2014;1512.16
07/07/2014;1486.28
08/07/2014;1513.66
09/07/2014;1513.68
10/07/2014;1515.35
11/07/2014;1495.51
14/07/2014;1500.82
15/07/2014;1482.67
16/07/2014;1466.16
17/07/2014;1459.9
18/07/2014;1429.29
21/07/2014;1424.17
22/07/2014;1390.99
23/07/2014;1406.72
24/07/2014;1405.06
25/07/2014;1406.75
28/07/2014;1384.27
29/07/2014;1362.35
30/07/2014;1363.88
31/07/2014;1383.03
01/08/2014;1376.06
04/08/2014;1377.2
05/08/2014;1379.68
06/08/2014;1356.59
07/08/2014;1331.24
08/08/2014;1332.43
11/08/2014;1360.06
12/08/2014;1373.54
13/08/2014;1373.87
14/08/2014;1398.39
15/08/2014;1407.62
18/08/2014;1417.98
19/08/2014;1426.63
20/08/2014;1437.36
21/08/2014;1446.94
22/08/2014;1462.15
25/08/2014;1446.46
26/08/2014;1455.42
27/08/2014;1447.69
28/08/2014;1446.93
29/08/2014;1422.39
01/09/2014;1402.57
02/09/2014;1392.53
03/09/2014;1401.39
04/09/2014;1451.12
05/09/2014;1452.88
08/09/2014;1474.45
09/09/2014;1466.24
10/09/2014;1465.83
11/09/2014;1470.37
12/09/2014;1449.21
15/09/2014;1457.87
16/09/2014;1454.16
17/09/2014;1474.67
18/09/2014;1449.49
19/09/2014;1449.66
22/09/2014;1430.44
23/09/2014;1413.55
24/09/2014;1429.97
25/09/2014;1444.65
26/09/2014;1433.65
29/09/2014;1437.53
30/09/2014;1409.85
01/10/2014;1408.04
02/10/2014;1399.21
03/10/2014;1376.82
06/10/2014;1387.33
07/10/2014;1418.07
08/10/2014;1403.56
09/10/2014;1390.39
10/10/2014;1379.44
13/10/2014;1360.95
14/10/2014;1384.25
15/10/2014;1391.24
16/10/2014;1382.87
17/10/2014;1363.94
20/10/2014;1387.28
21/10/2014;1375.82
22/10/2014;1386.63
23/10/2014;1372.47
24/10/2014;1372.52
27/10/2014;1384.36
28/10/2014;1395.3
29/10/2014;1415.9
30/10/2014;1437.64
31/10/2014;1455.5
03/11/2014;1483.15
05/11/2014;1489.73
06/11/2014;1495.63
07/11/2014;1497.87
10/11/2014;1500.99
11/11/2014;1514.81
12/11/2014;1514.8
13/11/2014;1514.22
14/11/2014;1487.87
17/11/2014;1499.79
18/11/2014;1509.35
19/11/2014;1519.11
20/11/2014;1518.44
21/11/2014;1531.27
24/11/2014;1539.59
25/11/2014;1528.67
26/11/2014;1527.33
27/11/2014;1536.59
28/11/2014;1527.8
01/12/2014;1532.87
02/12/2014;1582.05
03/12/2014;1583.64
04/12/2014;1605.09
05/12/2014;1582.33
08/12/2014;1534.61
09/12/2014;1481.44
10/12/2014;1477.33
11/12/2014;1486.94
12/12/2014;1451.91
15/12/2014;1459.16
16/12/2014;1416.43
17/12/2014;1446.43
18/12/2014;1431.57
19/12/2014;1471.95
22/12/2014;1453.18
23/12/2014;1438.32
24/12/2014;1397.31
25/12/2014;1398.01
26/12/2014;1409.96
29/12/2014;1416.32
30/12/2014;1425.72
05/01/2015;1393.37
06/01/2015;1431.6
08/01/2015;1482.12
09/01/2015;1548.77
12/01/2015;1512.65
13/01/2015;1513.52
14/01/2015;1531.72
15/01/2015;1563.74
16/01/2015;1559.24
19/01/2015;1590.23
20/01/2015;1577.61
21/01/2015;1576.15
22/01/2015;1620.92
23/01/2015;1670.42
26/01/2015;1670.3
27/01/2015;1625.05
28/01/2015;1675.37
29/01/2015;1645.56
30/01/2015;1647.75
02/02/2015;1648.95
03/02/2015;1634.76
04/02/2015;1655.63
05/02/2015;1650.25
06/02/2015;1698.92
09/02/2015;1757.22
10/02/2015;1745.98
11/02/2015;1765.81
12/02/2015;1767.65
13/02/2015;1818.74
16/02/2015;1838.65
17/02/2015;1800.02
18/02/2015;1799.34
19/02/2015;1809.67
20/02/2015;1803.06
24/02/2015;1760.24
25/02/2015;1772.46
26/02/2015;1747.16
27/02/2015;1757.71
02/03/2015;1763.64
03/03/2015;1782.85
04/03/2015;1806.97
05/03/2015;1767.31
06/03/2015;1761.77
10/03/2015;1716.82
11/03/2015;1665.67
12/03/2015;1673.06
13/03/2015;1663.81
16/03/2015;1623.57
17/03/2015;1611.37
18/03/2015;1613.11
19/03/2015;1645.95
20/03/2015;1607.86
23/03/2015;1635.82
24/03/2015;1603.71
25/03/2015;1620.06
26/03/2015;1618.89
27/03/2015;1582.73
30/03/2015;1571.67
31/03/2015;1613.27
01/04/2015;1624.81
02/04/2015;1662.91
03/04/2015;1679.77
06/04/2015;1695.34
07/04/2015;1700.68
08/04/2015;1694.07
09/04/2015;1679.7
10/04/2015;1667.61
13/04/2015;1656.82
14/04/2015;1677.23
15/04/2015;1647.47
16/04/2015;1681.01
17/04/2015;1688.6
20/04/2015;1660.11
21/04/2015;1682.94
22/04/2015;1709.75
23/04/2015;1678.19
24/04/2015;1663.69
27/04/2015;1681.97
28/04/2015;1674.76
29/04/2015;1677.92
30/04/2015;1672.04
05/05/2015;1690.02
06/05/2015;1722.79
07/05/2015;1709.82
08/05/2015;1686.94
12/05/2015;1709.03
13/05/2015;1705.83
14/05/2015;1682.64
15/05/2015;1681.53
18/05/2015;1692.58
19/05/2015;1677.5
20/05/2015;1659.23
21/05/2015;1637.13
22/05/2015;1659.47
25/05/2015;1665.62
26/05/2015;1659.42
27/05/2015;1651.28
28/05/2015;1659.73
29/05/2015;1659.72
01/06/2015;1617.18
02/06/2015;1618.38
03/06/2015;1647.19
04/06/2015;1629.33
05/06/2015;1637.96
08/06/2015;1652.99
09/06/2015;1646.92
10/06/2015;1665.29
11/06/2015;1654.89
15/06/2015;1649.22
16/06/2015;1656.99
17/06/2015;1669
18/06/2015;1665.66
19/06/2015;1661.76
22/06/2015;1664.48
23/06/2015;1673.83
24/06/2015;1658.58
25/06/2015;1649.43
26/06/2015;1630.92
29/06/2015;1631.6
30/06/2015;1634.26
01/07/2015;1653.26
02/07/2015;1641.43
03/07/2015;1640.71
06/07/2015;1626.63
07/07/2015;1620.55
08/07/2015;1613.82
09/07/2015;1598.21
10/07/2015;1615.77
13/07/2015;1618.21
14/07/2015;1642.93
15/07/2015;1628.02
16/07/2015;1640.15
17/07/2015;1652.52
20/07/2015;1651.11
21/07/2015;1626.17
22/07/2015;1634.31
23/07/2015;1634.69
24/07/2015;1614.97
27/07/2015;1594.82
28/07/2015;1584.28
29/07/2015;1606.14
30/07/2015;1622.77
31/07/2015;1635.26
03/08/2015;1666.25
04/08/2015;1661.78
05/08/2015;1676.69
06/08/2015;1689.87
07/08/2015;1678.61
10/08/2015;1691.11
11/08/2015;1701.94
12/08/2015;1693.93
13/08/2015;1701.08
14/08/2015;1703.18
17/08/2015;1710.8
18/08/2015;1707.36
19/08/2015;1690.4
20/08/2015;1671.92
21/08/2015;1694.97
24/08/2015;1651.15
25/08/2015;1641.18
26/08/2015;1657.36
27/08/2015;1670.44
28/08/2015;1698.22
31/08/2015;1717.25
01/09/2015;1728.74
02/09/2015;1694.75
03/09/2015;1698.44
04/09/2015;1707.45
07/09/2015;1696.7
08/09/2015;1704.46
09/09/2015;1721.34
10/09/2015;1718.13
11/09/2015;1719.85
14/09/2015;1717.82
15/09/2015;1728.56
16/09/2015;1719.94
17/09/2015;1731.6
18/09/2015;1731.07
21/09/2015;1713.11
22/09/2015;1700.55
23/09/2015;1664.77
24/09/2015;1639.96
25/09/2015;1623.55
28/09/2015;1639.79
29/09/2015;1612.59
30/09/2015;1633.58
01/10/2015;1646.22
02/10/2015;1627.38
05/10/2015;1618.14
06/10/2015;1653.03
07/10/2015;1674.12
08/10/2015;1675.12
09/10/2015;1695.42
12/10/2015;1728.53
13/10/2015;1705.48
14/10/2015;1715.76
15/10/2015;1723.56
16/10/2015;1741.91
19/10/2015;1716.94
20/10/2015;1716.04
21/10/2015;1720.25
22/10/2015;1709.29
23/10/2015;1718.03
26/10/2015;1727.23
27/10/2015;1711.36
28/10/2015;1724.21
29/10/2015;1725.75
30/10/2015;1708.72
02/11/2015;1710.18
03/11/2015;1735.81
05/11/2015;1765.03
06/11/2015;1767.86
09/11/2015;1756.76
10/11/2015;1748.94
11/11/2015;1746.56
12/11/2015;1738.68
13/11/2015;1736.77
16/11/2015;1727.75
17/11/2015;1743.81
18/11/2015;1788.8
19/11/2015;1813.8
20/11/2015;1807.2
23/11/2015;1823.22
24/11/2015;1867.57
25/11/2015;1814.08
26/11/2015;1835.33
27/11/2015;1826.4
30/11/2015;1792.54
01/12/2015;1778.05
02/12/2015;1775.12
03/12/2015;1767.87
04/12/2015;1786.64
07/12/2015;1756.38
08/12/2015;1738.88
09/12/2015;1722.2
10/12/2015;1731.64
11/12/2015;1731.77
14/12/2015;1716.5
15/12/2015;1713.97
16/12/2015;1744.35
17/12/2015;1757.25
18/12/2015;1775.55
21/12/2015;1720.39
22/12/2015;1717.06
23/12/2015;1719.97
24/12/2015;1753.47
25/12/2015;1744.14
28/12/2015;1733.85
29/12/2015;1729.75
30/12/2015;1762.14
04/01/2016;1762.2
05/01/2016;1733.67
06/01/2016;1753.96
11/01/2016;1712.79
12/01/2016;1671.3
13/01/2016;1696.53
14/01/2016;1678.5
15/01/2016;1676.98
18/01/2016;1601.53
19/01/2016;1635.36
20/01/2016;1630.16
21/01/2016;1634.27
22/01/2016;1699.26
25/01/2016;1725.91
26/01/2016;1696.54
27/01/2016;1709.53
28/01/2016;1746.23
29/01/2016;1775.89
01/02/2016;1782.55
02/02/2016;1766.46
03/02/2016;1748.69
04/02/2016;1776.22
05/02/2016;1783.07
08/02/2016;1779.62
09/02/2016;1737.71
10/02/2016;1715.9
11/02/2016;1726.71
12/02/2016;1721.81
15/02/2016;1733.29
16/02/2016;1746.22
17/02/2016;1753.42
18/02/2016;1775.21
19/02/2016;1796.43
20/02/2016;1793.48
22/02/2016;1794.54
24/02/2016;1811.08
25/02/2016;1802.37
26/02/2016;1815.99
29/02/2016;1811.53
01/03/2016;1841.43
02/03/2016;1853.32
03/03/2016;1836.81
04/03/2016;1863.15
07/03/2016;1883.38
09/03/2016;1899.19
10/03/2016;1885.97
11/03/2016;1886.85
14/03/2016;1877.23
15/03/2016;1871.79
16/03/2016;1858.01
17/03/2016;1876.61
18/03/2016;1892.81
21/03/2016;1905.96
22/03/2016;1905.76
23/03/2016;1900.09
24/03/2016;1872.88
25/03/2016;1869.6
28/03/2016;1871.93
29/03/2016;1849.11
30/03/2016;1853.35
31/03/2016;1865.1
01/04/2016;1860.53
04/04/2016;1858.06
05/04/2016;1859.51
06/04/2016;1863.67
07/04/2016;1865.97
08/04/2016;1860.93
11/04/2016;1875.74
12/04/2016;1907.56
13/04/2016;1903.47
14/04/2016;1929.87
15/04/2016;1914.19
18/04/2016;1886.43
19/04/2016;1895.28
20/04/2016;1923.94
21/04/2016;1971.75
22/04/2016;1952.33
25/04/2016;1962.67
26/04/2016;1953.86
27/04/2016;1951.51
28/04/2016;1936.05
29/04/2016;1970.46
04/05/2016;1932.92
05/05/2016;1924.28
06/05/2016;1905.15
10/05/2016;1896.02
11/05/2016;1890.09
12/05/2016;1912.43
13/05/2016;1901.51
16/05/2016;1912.16
17/05/2016;1913.25
18/05/2016;1907.15
19/05/2016;1907.71
20/05/2016;1901.27
23/05/2016;1889.11
24/05/2016;1868.7
25/05/2016;1889.42
26/05/2016;1905.81
27/05/2016;1913.18
30/05/2016;1931.07
31/05/2016;1938.03
01/06/2016;1899.14
02/06/2016;1895.27
03/06/2016;1896.95
06/06/2016;1893.05
07/06/2016;1917.21
08/06/2016;1953.75
09/06/2016;1951.8
10/06/2016;1926.91
14/06/2016;1901.68
15/06/2016;1883.94
16/06/2016;1884.22
17/06/2016;1875.96
20/06/2016;1891.93
21/06/2016;1902.44
22/06/2016;1908.06
23/06/2016;1894.16
24/06/2016;1861.31
27/06/2016;1883.76
28/06/2016;1850.75
29/06/2016;1862.25
30/06/2016;1886.47
01/07/2016;1891.03
04/07/2016;1899.89
05/07/2016;1904.03
06/07/2016;1892.26
07/07/2016;1887.12
08/07/2016;1873.49
11/07/2016;1891.05
12/07/2016;1913.84
13/07/2016;1937.35
14/07/2016;1936.95
15/07/2016;1931.66
18/07/2016;1936.51
19/07/2016;1919.73
20/07/2016;1915.49
21/07/2016;1920.01
22/07/2016;1923.8
25/07/2016;1929.93
26/07/2016;1932.54
27/07/2016;1938.26
28/07/2016;1938.01
29/07/2016;1952.82
01/08/2016;1950.49
02/08/2016;1946.31
03/08/2016;1913.14
04/08/2016;1924.97
05/08/2016;1945.93
08/08/2016;1948.51
09/08/2016;1954.05
10/08/2016;1956.33
11/08/2016;1941.32
12/08/2016;1955.16
15/08/2016;1969.96
16/08/2016;1977.76
17/08/2016;1971.49
18/08/2016;1971.26
19/08/2016;1972.89
22/08/2016;1956.46
23/08/2016;1976.07
24/08/2016;1988.08
25/08/2016;1983.22
26/08/2016;1984.68
29/08/2016;1985.99
30/08/2016;1989.03
31/08/2016;1985.84
01/09/2016;1976.26
02/09/2016;1978.16
05/09/2016;2008.69
06/09/2016;2020.77
07/09/2016;2042.21
08/09/2016;2058.73
09/09/2016;2044.93
12/09/2016;2017.08
13/09/2016;2020.6
14/09/2016;2003.74
15/09/2016;2003.2
16/09/2016;1998.14
19/09/2016;1984.46
20/09/2016;1984.97
21/09/2016;1995.13
22/09/2016;2007.12
23/09/2016;2022.28
26/09/2016;2003.48
27/09/2016;1999.93
28/09/2016;1977.35
29/09/2016;1996.99
30/09/2016;1986.08
03/10/2016;1981.02
04/10/2016;1987.61
05/10/2016;1985.05
06/10/2016;1975.26
07/10/2016;1985.04
10/10/2016;1981.11
11/10/2016;2000.46
12/10/2016;1999.6
13/10/2016;1987.84
14/10/2016;1976.34
17/10/2016;1964.66
18/10/2016;1958.28
19/10/2016;1971.9
20/10/2016;1967.52
21/10/2016;1957.63
24/10/2016;1960.97
25/10/2016;1965.63
26/10/2016;1975.36
27/10/2016;1975.16
28/10/2016;1979.87
31/10/2016;1983.58
01/11/2016;1991.7
02/11/2016;1989.17
03/11/2016;1970.97
07/11/2016;1964.59
08/11/2016;1959.79
09/11/2016;1941.89
10/11/2016;2017.69
11/11/2016;2046.53
14/11/2016;2034.97
15/11/2016;2025.01
16/11/2016;2024.71
17/11/2016;2029.85
18/11/2016;2042.23
21/11/2016;2044.2
22/11/2016;2062.98
23/11/2016;2069.18
24/11/2016;2086.56
25/11/2016;2101.47
28/11/2016;2098.33
29/11/2016;2092.13
30/11/2016;2087.81
01/12/2016;2110.69
02/12/2016;2121.12
05/12/2016;2126.93
06/12/2016;2159.25
07/12/2016;2154.02
08/12/2016;2168.4
09/12/2016;2211.29
12/12/2016;2219.13
13/12/2016;2225.74
14/12/2016;2248.22
15/12/2016;2217.16
16/12/2016;2239.08
19/12/2016;2233.99
20/12/2016;2215.31
21/12/2016;2227.31
22/12/2016;2203.8
23/12/2016;2173.62
26/12/2016;2172.86
27/12/2016;2173.8
28/12/2016;2191.17
29/12/2016;2182.3
30/12/2016;2206.04
03/01/2017;2240.28
04/01/2017;2284.61
05/01/2017;2265.72
06/01/2017;2221.36
09/01/2017;2217.74
10/01/2017;2209.53
11/01/2017;2233.62
12/01/2017;2224.02
13/01/2017;2214.24
16/01/2017;2195.67
17/01/2017;2189.95
18/01/2017;2180.64
19/01/2017;2171.45
20/01/2017;2162.71
23/01/2017;2160.13
24/01/2017;2147.51
25/01/2017;2175.4
26/01/2017;2179.34
27/01/2017;2226.87
30/01/2017;2263.63
31/01/2017;2233.66
01/02/2017;2219.19
02/02/2017;2231.66
03/02/2017;2219.49
06/02/2017;2228.85
07/02/2017;2210.87
08/02/2017;2215.34
09/02/2017;2192.24
10/02/2017;2176.79
13/02/2017;2165.12
14/02/2017;2162.13
15/02/2017;2140.2
16/02/2017;2138.7
17/02/2017;2148.58
20/02/2017;2132.47
21/02/2017;2118.85
22/02/2017;2128.98
24/02/2017;2106.96
27/02/2017;2095.51
28/02/2017;2057.74
01/03/2017;2034.28
02/03/2017;2062.61
03/03/2017;2046.61
06/03/2017;2056.63
07/03/2017;2047.59
09/03/2017;2010.85
10/03/2017;1977.75
13/03/2017;1972.66
14/03/2017;2001.4
15/03/2017;2003.09
16/03/2017;2001.82
17/03/2017;2015.59
20/03/2017;2038.99
21/03/2017;2045.19
22/03/2017;2042.65
23/03/2017;2065.37
24/03/2017;2047.78
27/03/2017;2034.1
28/03/2017;2016.95
29/03/2017;2032.49
30/03/2017;2025
31/03/2017;2021.16
03/04/2017;1998.79
04/04/2017;2007.9
05/04/2017;2028.71
06/04/2017;2052.05
07/04/2017;2046.78
10/04/2017;2017.75
11/04/2017;1969.12
12/04/2017;1985.69
13/04/2017;1954.39
14/04/2017;1943.65
17/04/2017;1917.13
18/04/2017;1944.28
19/04/2017;1920.19
20/04/2017;1912.7
21/04/2017;1932.82
24/04/2017;1954.31
25/04/2017;1983.23
26/04/2017;2000.8
27/04/2017;2024.49
28/04/2017;2021.74
02/05/2017;2022.19
03/05/2017;2024.4
04/05/2017;1994.16
05/05/2017;1989.88
10/05/2017;2012.84
11/05/2017;2028.26
12/05/2017;2003.92
15/05/2017;1995.6
16/05/2017;2000.2
17/05/2017;1989.02
18/05/2017;1989.05
19/05/2017;1969.73
22/05/2017;1966.66
23/05/2017;1950.27
24/05/2017;1958.22
25/05/2017;1955.83
26/05/2017;1944.16
29/05/2017;1934.66
30/05/2017;1938.06
31/05/2017;1934.03
01/06/2017;1900.89
02/06/2017;1868.75
05/06/2017;1882.83
06/06/2017;1877.36
07/06/2017;1870.69
08/06/2017;1869.49
09/06/2017;1873.26
13/06/2017;1871.07
14/06/2017;1861.5
15/06/2017;1833.42
16/06/2017;1818.87
19/06/2017;1820.83
20/06/2017;1850.38
21/06/2017;1858.24
22/06/2017;1842.62
23/06/2017;1859.63
26/06/2017;1870.33
27/06/2017;1857.24
28/06/2017;1877.04
29/06/2017;1896.12
30/06/2017;1879.16
03/07/2017;1886.72
04/07/2017;1902.64
05/07/2017;1917.36
06/07/2017;1920.59
07/07/2017;1904.18
10/07/2017;1912.76
11/07/2017;1927.34
12/07/2017;1938.36
13/07/2017;1951.66
14/07/2017;1959.86
17/07/2017;1963.42
18/07/2017;1956.56
19/07/2017;1929.67
20/07/2017;1952.1
21/07/2017;1944.57
24/07/2017;1921.52
25/07/2017;1931.92
26/07/2017;1928.13
27/07/2017;1935.12
28/07/2017;1940.79
31/07/2017;1917.34
01/08/2017;1924.77
02/08/2017;1940.95
03/08/2017;1965.56
04/08/2017;1962.46
07/08/2017;1953.62
08/08/2017;1970.3
09/08/2017;1984.09
10/08/2017;1977.15
11/08/2017;1953.56
14/08/2017;1947.69
15/08/2017;1950.42
16/08/2017;1952.11
17/08/2017;1939.69
18/08/2017;1935.53
21/08/2017;1932.25
22/08/2017;1939.95
23/08/2017;1947.77
24/08/2017;1958.83
25/08/2017;1975.34
28/08/2017;1978.33
29/08/2017;1986.1
30/08/2017;1993
31/08/2017;2006.07
01/09/2017;2021.93
04/09/2017;2007.42
05/09/2017;2005.23
06/09/2017;2001.97
07/09/2017;2017.52
08/09/2017;2010.55
11/09/2017;2038.78
12/09/2017;2045.85
13/09/2017;2059.4
14/09/2017;2054.66
15/09/2017;2051.47
18/09/2017;2055.41
19/09/2017;2057.33
20/09/2017;2050.68
21/09/2017;2056.27
22/09/2017;2059.01
25/09/2017;2050.21
26/09/2017;2071.62
27/09/2017;2072.27
28/09/2017;2080.73
29/09/2017;2071.33
02/10/2017;2077.16
03/10/2017;2076.53
04/10/2017;2076.5
05/10/2017;2076.78
06/10/2017;2089.39
09/10/2017;2094.16
10/10/2017;2096.35
11/10/2017;2087.47
12/10/2017;2101.33
13/10/2017;2094.94
16/10/2017;2101.41
17/10/2017;2105.74
18/10/2017;2092.79
19/10/2017;2094.56
20/10/2017;2076.29
23/10/2017;2073.55
24/10/2017;2062.58
25/10/2017;2063.2
26/10/2017;2050.56
27/10/2017;2050.35
30/10/2017;2069.32
31/10/2017;2066.1
01/11/2017;2070.68
02/11/2017;2080.53
03/11/2017;2073.17
07/11/2017;2092.78
08/11/2017;2155.21
09/11/2017;2162
10/11/2017;2181.98
13/11/2017;2169.85
14/11/2017;2167.2
15/11/2017;2161.51
16/11/2017;2138.82
17/11/2017;2135.58
20/11/2017;2132.4
21/11/2017;2132.5
22/11/2017;2159.5
23/11/2017;2159.88
24/11/2017;2150.09
27/11/2017;2160.39
28/11/2017;2144.53
29/11/2017;2147.97
30/11/2017;2120.68
01/12/2017;2102.54
04/12/2017;2104.9
05/12/2017;2115.25
06/12/2017;2108.87
07/12/2017;2120.38
08/12/2017;2106.38
11/12/2017;2105.77
12/12/2017;2151.96
13/12/2017;2152.05
14/12/2017;2133.3
15/12/2017;2151.23
18/12/2017;2145.27
19/12/2017;2134.47
20/12/2017;2118.83
21/12/2017;2097.81
22/12/2017;2095.56
25/12/2017;2109.38
26/12/2017;2105.51
27/12/2017;2099.83
28/12/2017;2106.25
29/12/2017;2102.81